,Postal code,median-income,poverty-chance,district,commune,mean-income,refnis,house-median-price,apartment-median-price
0,1000,21862.0,"24,7",21000.0,Bruxelles,15307.69037,21000.0,1012500.0,257250.0
1,1020,21862.0,"24,7",21000.0,Bruxelles,15307.69037,21000.0,1012500.0,257250.0
2,1030,21726.0,"26,8",21000.0,Schaerbeek,14879.85062,21000.0,1012500.0,257250.0
3,1040,21862.0,"24,7",21000.0,Bruxelles,15307.69037,21000.0,1012500.0,257250.0
4,1040,27332.0,"18,2",21000.0,Etterbeek,17966.80593,21000.0,1012500.0,257250.0
5,1050,21862.0,"24,7",21000.0,Bruxelles,15307.69037,21000.0,1012500.0,257250.0
6,1050,27238.0,"18,4",21000.0,Ixelles,20468.59028,21000.0,1012500.0,257250.0
7,1060,22615.0,"24,6",21000.0,Saint-Gilles,16660.91026,21000.0,1012500.0,257250.0
8,1070,20512.0,"28,2",21000.0,Anderlecht,13525.56279,21000.0,1012500.0,257250.0
9,1080,19739.0,"31,5",21000.0,Molenbeek-Saint-Jean,12562.78318,21000.0,1012500.0,257250.0
10,1081,21141.0,"26,7",21000.0,Koekelberg,14522.47005,21000.0,1012500.0,257250.0
11,1082,23728.0,"19,3",21000.0,Berchem-Sainte-Agathe,17792.34645,21000.0,1012500.0,257250.0
12,1083,22706.0,"20,2",21000.0,Ganshoren,17208.97475,21000.0,1012500.0,257250.0
13,1090,23189.0,"20,3",21000.0,Jette,17175.58757,21000.0,1012500.0,257250.0
14,1120,21862.0,"24,7",21000.0,Bruxelles,15307.69037,21000.0,1012500.0,257250.0
15,1130,21862.0,"24,7",21000.0,Bruxelles,15307.69037,21000.0,1012500.0,257250.0
16,1140,23317.0,"19,7",21000.0,Evere,15910.97835,21000.0,1012500.0,257250.0
17,1150,34690.0,"9,3",21000.0,Woluwe-Saint-Pierre,24435.73197,21000.0,1012500.0,257250.0
18,1160,31185.0,"11,4",21000.0,Auderghem,22584.82525,21000.0,1012500.0,257250.0
19,1170,28060.0,"13,4",21000.0,Watermael-Boitsfort,23378.68099,21000.0,1012500.0,257250.0
20,1180,28800.0,"13,3",21000.0,Uccle,24117.42488,21000.0,1012500.0,257250.0
21,1190,23179.0,"21,6",21000.0,Forest,17586.20191,21000.0,1012500.0,257250.0
22,1200,30384.0,"12,6",21000.0,Woluwe-Saint-Lambert,20220.55155,21000.0,1012500.0,257250.0
23,1210,19288.0,34,21000.0,Saint-Josse-ten-Noode,11816.3655,21000.0,1012500.0,257250.0
24,1300,28318.0,"9,2",25000.0,Wavre,24309.03252,25000.0,460625.0,246375.0
25,1301,28318.0,"9,2",25000.0,Wavre,24309.03252,25000.0,460625.0,246375.0
26,1310,31116.0,"8,1",25000.0,La Hulpe,26969.28432,25000.0,460625.0,246375.0
27,1315,29935.0,"6,8",25000.0,Incourt,24594.34624,25000.0,460625.0,246375.0
28,1320,30721.0,"7,1",25000.0,Beauvechain,25965.72295,25000.0,460625.0,246375.0
29,1325,32179.0,"6,6",25000.0,Chaumont-Gistoux,28981.6981,25000.0,460625.0,246375.0
30,1330,31531.0,"7,7",25000.0,Rixensart,26798.60087,25000.0,460625.0,246375.0
31,1331,31531.0,"7,7",25000.0,Rixensart,26798.60087,25000.0,460625.0,246375.0
32,1332,31531.0,"7,7",25000.0,Rixensart,26798.60087,25000.0,460625.0,246375.0
33,1340,28110.0,"12,3",25000.0,Ottignies-Louvain-la-Neuve,22876.85553,25000.0,460625.0,246375.0
34,1341,28110.0,"12,3",25000.0,Ottignies-Louvain-la-Neuve,22876.85553,25000.0,460625.0,246375.0
35,1342,28110.0,"12,3",25000.0,Ottignies-Louvain-la-Neuve,22876.85553,25000.0,460625.0,246375.0
36,1348,28110.0,"12,3",25000.0,Ottignies-Louvain-la-Neuve,22876.85553,25000.0,460625.0,246375.0
37,1350,29289.0,"6,1",25000.0,Orp-Jauche,23514.5328,25000.0,460625.0,246375.0
38,1357,28833.0,"7,6",25000.0,Hélécine,22603.94756,25000.0,460625.0,246375.0
39,1360,29618.0,"6,7",25000.0,Perwez,24169.1196,25000.0,460625.0,246375.0
40,1367,29845.0,"6,5",25000.0,Ramillies,23326.20657,25000.0,460625.0,246375.0
41,1370,28353.0,"9,3",25000.0,Jodoigne,23151.90605,25000.0,460625.0,246375.0
42,1380,32466.0,"8,9",25000.0,Lasne,30396.28887,25000.0,460625.0,246375.0
43,1390,30147.0,"6,7",25000.0,Grez-Doiceau,26740.96511,25000.0,460625.0,246375.0
44,1400,28374.0,"8,7",25000.0,Nivelles,24523.69776,25000.0,460625.0,246375.0
45,1401,28374.0,"8,7",25000.0,Nivelles,24523.69776,25000.0,460625.0,246375.0
46,1402,28374.0,"8,7",25000.0,Nivelles,24523.69776,25000.0,460625.0,246375.0
47,1404,28374.0,"8,7",25000.0,Nivelles,24523.69776,25000.0,460625.0,246375.0
48,1410,31704.0,"8,5",25000.0,Waterloo,27615.11046,25000.0,460625.0,246375.0
49,1420,30067.0,7,25000.0,Braine-l’Alleud,25380.11961,25000.0,460625.0,246375.0
50,1421,30067.0,7,25000.0,Braine-l’Alleud,25380.11961,25000.0,460625.0,246375.0
51,1428,30067.0,7,25000.0,Braine-l’Alleud,25380.11961,25000.0,460625.0,246375.0
52,1430,27888.0,"7,8",25000.0,Rebecq,21754.13846,25000.0,460625.0,246375.0
53,1435,30585.0,7,25000.0,Mont-Saint-Guibert,25369.82886,25000.0,460625.0,246375.0
54,1440,30368.0,"6,9",25000.0,Braine-le-Château,25198.21638,25000.0,460625.0,246375.0
55,1450,31039.0,"7,8",25000.0,Chastre,25277.51781,25000.0,460625.0,246375.0
56,1457,31165.0,"5,7",25000.0,Walhain,25900.1919,25000.0,460625.0,246375.0
57,1460,29678.0,6,25000.0,Ittre,24980.34168,25000.0,460625.0,246375.0
58,1461,29678.0,6,25000.0,Ittre,24980.34168,25000.0,460625.0,246375.0
59,1470,29451.0,8,25000.0,Genappe,25189.90881,25000.0,460625.0,246375.0
60,1471,29451.0,8,25000.0,Genappe,25189.90881,25000.0,460625.0,246375.0
61,1472,29451.0,8,25000.0,Genappe,25189.90881,25000.0,460625.0,246375.0
62,1473,29451.0,8,25000.0,Genappe,25189.90881,25000.0,460625.0,246375.0
63,1474,29451.0,8,25000.0,Genappe,25189.90881,25000.0,460625.0,246375.0
64,1476,29451.0,8,25000.0,Genappe,25189.90881,25000.0,460625.0,246375.0
65,1480,26724.0,"10,1",25000.0,Tubize,19703.62815,25000.0,460625.0,246375.0
66,1490,29601.0,"8,7",25000.0,Court-Saint-Etienne,23658.14101,25000.0,460625.0,246375.0
67,1495,30264.0,6,25000.0,Villers-la-Ville,24881.57319,25000.0,460625.0,246375.0
68,1500,28391.0,"6,8",23000.0,Hal,22745.90027,23000.0,520000.0,264312.5
69,1501,28391.0,"6,8",23000.0,Hal,22745.90027,23000.0,520000.0,264312.5
70,1502,28391.0,"6,8",23000.0,Hal,22745.90027,23000.0,520000.0,264312.5
71,1540,30914.0,"3,8",23000.0,Herne,25455.87606,23000.0,520000.0,264312.5
72,1541,30914.0,"3,8",23000.0,Herne,25455.87606,23000.0,520000.0,264312.5
73,1547,30175.0,"5,4",23000.0,Biévène,24148.31906,23000.0,520000.0,264312.5
74,1560,33214.0,5,23000.0,Hoeilaart,27394.23249,23000.0,520000.0,264312.5
75,1570,30834.0,"4,3",23000.0,Gammerages,25228.26417,23000.0,520000.0,264312.5
76,1600,27265.0,"8,8",23000.0,Sint-Pieters-Leeuw,20941.67994,23000.0,520000.0,264312.5
77,1601,27265.0,"8,8",23000.0,Sint-Pieters-Leeuw,20941.67994,23000.0,520000.0,264312.5
78,1602,27265.0,"8,8",23000.0,Sint-Pieters-Leeuw,20941.67994,23000.0,520000.0,264312.5
79,1620,26079.0,"10,6",23000.0,Drogenbos,19497.84351,23000.0,520000.0,264312.5
80,1630,30802.0,"8,8",23000.0,Linkebeek,26623.48399,23000.0,520000.0,264312.5
81,1640,32120.0,"7,7",23000.0,Rhode-Saint-Genèse,28609.47438,23000.0,520000.0,264312.5
82,1650,30178.0,"6,1",23000.0,Beersel,24872.31234,23000.0,520000.0,264312.5
83,1651,30178.0,"6,1",23000.0,Beersel,24872.31234,23000.0,520000.0,264312.5
84,1652,30178.0,"6,1",23000.0,Beersel,24872.31234,23000.0,520000.0,264312.5
85,1653,30178.0,"6,1",23000.0,Beersel,24872.31234,23000.0,520000.0,264312.5
86,1654,30178.0,"6,1",23000.0,Beersel,24872.31234,23000.0,520000.0,264312.5
87,1670,31777.0,"4,9",23000.0,Pepingen,26596.71742,23000.0,520000.0,264312.5
88,1671,31777.0,"4,9",23000.0,Pepingen,26596.71742,23000.0,520000.0,264312.5
89,1673,31777.0,"4,9",23000.0,Pepingen,26596.71742,23000.0,520000.0,264312.5
90,1674,31777.0,"4,9",23000.0,Pepingen,26596.71742,23000.0,520000.0,264312.5
91,1700,29445.0,"7,9",23000.0,Dilbeek,24830.57465,23000.0,520000.0,264312.5
92,1701,29445.0,"7,9",23000.0,Dilbeek,24830.57465,23000.0,520000.0,264312.5
93,1702,29445.0,"7,9",23000.0,Dilbeek,24830.57465,23000.0,520000.0,264312.5
94,1703,29445.0,"7,9",23000.0,Dilbeek,24830.57465,23000.0,520000.0,264312.5
95,1730,28093.0,"9,3",23000.0,Asse,22661.34192,23000.0,520000.0,264312.5
96,1731,28093.0,"9,3",23000.0,Asse,22661.34192,23000.0,520000.0,264312.5
97,1740,30318.0,"5,5",23000.0,Ternat,24896.5917,23000.0,520000.0,264312.5
98,1741,30318.0,"5,5",23000.0,Ternat,24896.5917,23000.0,520000.0,264312.5
99,1742,30318.0,"5,5",23000.0,Ternat,24896.5917,23000.0,520000.0,264312.5
100,1745,30573.0,6,23000.0,Opwijk,25159.40587,23000.0,520000.0,264312.5
101,1750,31203.0,"4,9",23000.0,Lennik,26873.40138,23000.0,520000.0,264312.5
102,1755,31291.0,"4,6",23000.0,Gooik,25848.52678,23000.0,520000.0,264312.5
103,1760,31008.0,"4,1",23000.0,Roosdaal,25939.81259,23000.0,520000.0,264312.5
104,1761,31008.0,"4,1",23000.0,Roosdaal,25939.81259,23000.0,520000.0,264312.5
105,1770,28297.0,"5,7",23000.0,Liedekerke,22339.16287,23000.0,520000.0,264312.5
106,1780,28219.0,"10,1",23000.0,Wemmel,23524.28858,23000.0,520000.0,264312.5
107,1785,30125.0,"6,8",23000.0,Merchtem,25246.11409,23000.0,520000.0,264312.5
108,1790,30506.0,"4,7",23000.0,Affligem,25289.39891,23000.0,520000.0,264312.5
109,1800,26685.0,"9,8",23000.0,Vilvorde,20004.68179,23000.0,520000.0,264312.5
110,1804,26685.0,"9,8",23000.0,Vilvorde,20004.68179,23000.0,520000.0,264312.5
111,1804,32363.0,"3,4",23000.0,Zemst,28405.56221,23000.0,520000.0,264312.5
112,1820,31058.0,5,23000.0,Steenokkerzeel,25517.77616,23000.0,520000.0,264312.5
113,1830,26468.0,"9,2",23000.0,Machelen,18782.22861,23000.0,520000.0,264312.5
114,1831,26468.0,"9,2",23000.0,Machelen,18782.22861,23000.0,520000.0,264312.5
115,1840,30550.0,"5,7",23000.0,Londerzeel,25663.42863,23000.0,520000.0,264312.5
116,1850,29339.0,"8,3",23000.0,Grimbergen,24802.85235,23000.0,520000.0,264312.5
117,1851,29339.0,"8,3",23000.0,Grimbergen,24802.85235,23000.0,520000.0,264312.5
118,1852,29339.0,"8,3",23000.0,Grimbergen,24802.85235,23000.0,520000.0,264312.5
119,1853,29339.0,"8,3",23000.0,Grimbergen,24802.85235,23000.0,520000.0,264312.5
120,1860,31023.0,7,23000.0,Meise,27475.11441,23000.0,520000.0,264312.5
121,1861,31023.0,7,23000.0,Meise,27475.11441,23000.0,520000.0,264312.5
122,1880,30446.0,"5,3",23000.0,Kapelle-op-den-Bos,26261.5921,23000.0,520000.0,264312.5
123,1910,32251.0,"3,9",23000.0,Kampenhout,27578.83406,23000.0,520000.0,264312.5
124,1930,29890.0,"8,6",23000.0,Zaventem,22129.82284,23000.0,520000.0,264312.5
125,1931,26468.0,"9,2",23000.0,Machelen,18782.22861,23000.0,520000.0,264312.5
126,1932,29890.0,"8,6",23000.0,Zaventem,22129.82284,23000.0,520000.0,264312.5
127,1933,29890.0,"8,6",23000.0,Zaventem,22129.82284,23000.0,520000.0,264312.5
128,1950,36531.0,"6,3",23000.0,Kraainem,25368.95871,23000.0,520000.0,264312.5
129,1970,34702.0,"7,2",23000.0,Wezembeek-Oppem,26822.2615,23000.0,520000.0,264312.5
130,1980,32363.0,"3,4",23000.0,Zemst,28405.56221,23000.0,520000.0,264312.5
131,1981,32363.0,"3,4",23000.0,Zemst,28405.56221,23000.0,520000.0,264312.5
132,1982,32363.0,"3,4",23000.0,Zemst,28405.56221,23000.0,520000.0,264312.5
133,2000,23986.0,"18,2",11000.0,Anvers,19039.25376,11000.0,524250.0,240062.5
134,2018,23986.0,"18,2",11000.0,Anvers,19039.25376,11000.0,524250.0,240062.5
135,2020,23986.0,"18,2",11000.0,Anvers,19039.25376,11000.0,524250.0,240062.5
136,2030,23986.0,"18,2",11000.0,Anvers,19039.25376,11000.0,524250.0,240062.5
137,2040,23986.0,"18,2",11000.0,Anvers,19039.25376,11000.0,524250.0,240062.5
138,2050,23986.0,"18,2",11000.0,Anvers,19039.25376,11000.0,524250.0,240062.5
139,2060,23986.0,"18,2",11000.0,Anvers,19039.25376,11000.0,524250.0,240062.5
140,2070,28031.0,"7,9",11000.0,Zwijndrecht,22947.47679,11000.0,524250.0,240062.5
141,2100,23986.0,"18,2",11000.0,Anvers,19039.25376,11000.0,524250.0,240062.5
142,2110,28909.0,"7,4",11000.0,Wijnegem,23914.05528,11000.0,524250.0,240062.5
143,2140,23986.0,"18,2",11000.0,Anvers,19039.25376,11000.0,524250.0,240062.5
144,2150,26591.0,10,11000.0,Borsbeek,21389.64111,11000.0,524250.0,240062.5
145,2160,29038.0,"6,5",11000.0,Wommelgem,23959.3113,11000.0,524250.0,240062.5
146,2170,23986.0,"18,2",11000.0,Anvers,19039.25376,11000.0,524250.0,240062.5
147,2180,23986.0,"18,2",11000.0,Anvers,19039.25376,11000.0,524250.0,240062.5
148,2200,28823.0,"6,3",13000.0,Herentals,23865.88668,13000.0,362000.0,239512.5
149,2220,29221.0,"5,7",12000.0,Heist-op-den-Berg,23843.45669,12000.0,423750.0,272500.0
150,2221,29221.0,"5,7",12000.0,Heist-op-den-Berg,23843.45669,12000.0,423750.0,272500.0
151,2222,29221.0,"5,7",12000.0,Heist-op-den-Berg,23843.45669,12000.0,423750.0,272500.0
152,2223,29221.0,"5,7",12000.0,Heist-op-den-Berg,23843.45669,12000.0,423750.0,272500.0
153,2230,29252.0,5,13000.0,Herselt,23613.32549,13000.0,362000.0,239512.5
154,2235,29322.0,"4,3",13000.0,Hulshout,23604.52662,13000.0,362000.0,239512.5
155,2240,29689.0,"5,7",11000.0,Zandhoven,25004.4416,11000.0,524250.0,240062.5
156,2242,29689.0,"5,7",11000.0,Zandhoven,25004.4416,11000.0,524250.0,240062.5
157,2243,29689.0,"5,7",11000.0,Zandhoven,25004.4416,11000.0,524250.0,240062.5
158,2250,29761.0,"4,6",13000.0,Olen,23519.35747,13000.0,362000.0,239512.5
159,2260,29410.0,"4,5",13000.0,Westerlo,23796.79296,13000.0,362000.0,239512.5
160,2270,28920.0,"5,1",13000.0,Herenthout,22940.11993,13000.0,362000.0,239512.5
161,2275,29709.0,"4,8",13000.0,Lille,23564.21629,13000.0,362000.0,239512.5
162,2280,29759.0,"5,9",13000.0,Grobbendonk,24811.08811,13000.0,362000.0,239512.5
163,2288,29759.0,"5,9",13000.0,Grobbendonk,24811.08811,13000.0,362000.0,239512.5
164,2290,29370.0,"5,5",13000.0,Vorselaar,23476.04392,13000.0,362000.0,239512.5
165,2300,26116.0,"11,1",13000.0,Turnhout,20191.33403,13000.0,362000.0,239512.5
166,2310,28897.0,"5,5",13000.0,Rijkevorsel,21928.37154,13000.0,362000.0,239512.5
167,2320,29005.0,"7,8",13000.0,Hoogstraten,21771.89136,13000.0,362000.0,239512.5
168,2321,29005.0,"7,8",13000.0,Hoogstraten,21771.89136,13000.0,362000.0,239512.5
169,2322,29005.0,"7,8",13000.0,Hoogstraten,21771.89136,13000.0,362000.0,239512.5
170,2323,29005.0,"7,8",13000.0,Hoogstraten,21771.89136,13000.0,362000.0,239512.5
171,2328,29005.0,"7,8",13000.0,Hoogstraten,21771.89136,13000.0,362000.0,239512.5
172,2330,29583.0,"5,8",13000.0,Merksplas,22554.08369,13000.0,362000.0,239512.5
173,2340,30019.0,"4,2",13000.0,Beerse,24412.88215,13000.0,362000.0,239512.5
174,2350,30552.0,"4,3",13000.0,Vosselaar,24901.34846,13000.0,362000.0,239512.5
175,2360,29366.0,6,13000.0,Oud-Turnhout,24049.57218,13000.0,362000.0,239512.5
176,2370,28907.0,"5,6",13000.0,Arendonk,21581.32693,13000.0,362000.0,239512.5
177,2380,28866.0,"8,2",13000.0,Ravels,20755.71401,13000.0,362000.0,239512.5
178,2381,28866.0,"8,2",13000.0,Ravels,20755.71401,13000.0,362000.0,239512.5
179,2382,28866.0,"8,2",13000.0,Ravels,20755.71401,13000.0,362000.0,239512.5
180,2387,26918.0,"11,6",13000.0,Baerle-Duc,19911.04888,13000.0,362000.0,239512.5
181,2390,29321.0,"6,6",11000.0,Malle,24308.84365,11000.0,524250.0,240062.5
182,2400,28738.0,"7,1",13000.0,Mol,23199.51106,13000.0,362000.0,239512.5
183,2430,29427.0,"3,8",13000.0,Laakdal,23435.8627,13000.0,362000.0,239512.5
184,2431,29427.0,"3,8",13000.0,Laakdal,23435.8627,13000.0,362000.0,239512.5
185,2440,29203.0,"6,3",13000.0,Geel,23650.12629,13000.0,362000.0,239512.5
186,2450,29093.0,5,13000.0,Meerhout,23214.88764,13000.0,362000.0,239512.5
187,2460,30016.0,"5,5",13000.0,Kasterlee,24617.06643,13000.0,362000.0,239512.5
188,2470,29423.0,"6,7",13000.0,Retie,24051.74851,13000.0,362000.0,239512.5
189,2480,28818.0,"5,1",13000.0,Dessel,21925.05697,13000.0,362000.0,239512.5
190,2490,29103.0,"5,1",13000.0,Balen,22608.20883,13000.0,362000.0,239512.5
191,2491,29103.0,"5,1",13000.0,Balen,22608.20883,13000.0,362000.0,239512.5
192,2500,27911.0,"8,7",12000.0,Lierre,23688.56121,12000.0,423750.0,272500.0
193,2520,30592.0,5,11000.0,Ranst,26048.12801,11000.0,524250.0,240062.5
194,2530,30579.0,"5,9",11000.0,Boechout,26965.52749,11000.0,524250.0,240062.5
195,2531,30579.0,"5,9",11000.0,Boechout,26965.52749,11000.0,524250.0,240062.5
196,2540,32455.0,"5,1",11000.0,Hove,30755.38696,11000.0,524250.0,240062.5
197,2547,31141.0,"4,9",11000.0,Lint,27879.87028,11000.0,524250.0,240062.5
198,2550,31087.0,"5,4",11000.0,Kontich,27536.00753,11000.0,524250.0,240062.5
199,2560,29812.0,"5,6",12000.0,Nijlen,24041.25713,12000.0,423750.0,272500.0
200,2570,29422.0,"6,2",12000.0,Duffel,24859.48497,12000.0,423750.0,272500.0
201,2580,30027.0,"5,6",12000.0,Putte,24942.0214,12000.0,423750.0,272500.0
202,2590,28875.0,"6,3",12000.0,Berlaar,23395.42129,12000.0,423750.0,272500.0
203,2600,23986.0,"18,2",11000.0,Anvers,19039.25376,11000.0,524250.0,240062.5
204,2610,23986.0,"18,2",11000.0,Anvers,19039.25376,11000.0,524250.0,240062.5
205,2620,28673.0,7,11000.0,Hemiksem,22433.55346,11000.0,524250.0,240062.5
206,2627,29692.0,4,11000.0,Schelle,24701.8321,11000.0,524250.0,240062.5
207,2630,30562.0,"5,2",11000.0,Aartselaar,27033.87505,11000.0,524250.0,240062.5
208,2640,29051.0,"7,9",11000.0,Mortsel,24474.32753,11000.0,524250.0,240062.5
209,2650,30055.0,"6,8",11000.0,Edegem,26579.68068,11000.0,524250.0,240062.5
210,2660,23986.0,"18,2",11000.0,Anvers,19039.25376,11000.0,524250.0,240062.5
211,2800,28315.0,"9,6",12000.0,Malines,22765.55166,12000.0,423750.0,272500.0
212,2801,28315.0,"9,6",12000.0,Malines,22765.55166,12000.0,423750.0,272500.0
213,2811,28315.0,"9,6",12000.0,Malines,22765.55166,12000.0,423750.0,272500.0
214,2812,28315.0,"9,6",12000.0,Malines,22765.55166,12000.0,423750.0,272500.0
215,2820,31765.0,"4,9",12000.0,Bonheiden,29557.95966,12000.0,423750.0,272500.0
216,2830,27404.0,"8,2",12000.0,Willebroek,21702.26413,12000.0,423750.0,272500.0
217,2840,30501.0,"4,7",11000.0,Rumst,25498.78934,11000.0,524250.0,240062.5
218,2845,28979.0,"6,3",11000.0,Niel,22205.83069,11000.0,524250.0,240062.5
219,2850,25936.0,"10,3",11000.0,Boom,20207.29882,11000.0,524250.0,240062.5
220,2860,30654.0,"5,2",12000.0,Sint-Katelijne-Waver,25297.10329,12000.0,423750.0,272500.0
221,2861,30654.0,"5,2",12000.0,Sint-Katelijne-Waver,25297.10329,12000.0,423750.0,272500.0
222,2870,30699.0,"5,6",12000.0,Puurs-Sint-Amands,25661.90488,12000.0,423750.0,272500.0
223,2880,30304.0,"5,3",12000.0,Bornem,26058.25247,12000.0,423750.0,272500.0
224,2890,30699.0,"5,6",12000.0,Puurs-Sint-Amands,25661.90488,12000.0,423750.0,272500.0
225,2900,29335.0,"6,4",11000.0,Schoten,25612.48908,11000.0,524250.0,240062.5
226,2910,28732.0,"7,8",11000.0,Essen,22280.46504,11000.0,524250.0,240062.5
227,2920,30452.0,"6,3",11000.0,Kalmthout,25632.41232,11000.0,524250.0,240062.5
228,2930,29869.0,"7,1",11000.0,Brasschaat,26355.06284,11000.0,524250.0,240062.5
229,2940,30340.0,"4,6",11000.0,Stabroek,25523.55768,11000.0,524250.0,240062.5
230,2950,31018.0,"5,3",11000.0,Kapellen,27989.69034,11000.0,524250.0,240062.5
231,2960,30339.0,"5,3",11000.0,Brecht,24947.11223,11000.0,524250.0,240062.5
232,2970,31480.0,"6,1",11000.0,Schilde,30096.0705,11000.0,524250.0,240062.5
233,2980,30621.0,"4,8",11000.0,Zoersel,26288.34761,11000.0,524250.0,240062.5
234,2990,29468.0,"6,1",11000.0,Wuustwezel,23140.71523,11000.0,524250.0,240062.5
235,3000,29834.0,10,24000.0,Louvain,24776.49803,24000.0,401363.5,269683.0
236,3001,29834.0,10,24000.0,Louvain,24776.49803,24000.0,401363.5,269683.0
237,3010,29834.0,10,24000.0,Louvain,24776.49803,24000.0,401363.5,269683.0
238,3012,29834.0,10,24000.0,Louvain,24776.49803,24000.0,401363.5,269683.0
239,3018,29834.0,10,24000.0,Louvain,24776.49803,24000.0,401363.5,269683.0
240,3020,32389.0,"4,8",24000.0,Herent,28872.12851,24000.0,401363.5,269683.0
241,3040,31861.0,"5,1",24000.0,Huldenberg,27576.89696,24000.0,401363.5,269683.0
242,3050,33267.0,"4,8",24000.0,Oud-Heverlee,31232.44685,24000.0,401363.5,269683.0
243,3051,33267.0,"4,8",24000.0,Oud-Heverlee,31232.44685,24000.0,401363.5,269683.0
244,3052,33267.0,"4,8",24000.0,Oud-Heverlee,31232.44685,24000.0,401363.5,269683.0
245,3053,33267.0,"4,8",24000.0,Oud-Heverlee,31232.44685,24000.0,401363.5,269683.0
246,3054,33267.0,"4,8",24000.0,Oud-Heverlee,31232.44685,24000.0,401363.5,269683.0
247,3060,32016.0,"5,4",24000.0,Bertem,28247.85006,24000.0,401363.5,269683.0
248,3061,32016.0,"5,4",24000.0,Bertem,28247.85006,24000.0,401363.5,269683.0
249,3070,31882.0,"5,1",24000.0,Kortenberg,26947.6319,24000.0,401363.5,269683.0
250,3071,31882.0,"5,1",24000.0,Kortenberg,26947.6319,24000.0,401363.5,269683.0
251,3078,31882.0,"5,1",24000.0,Kortenberg,26947.6319,24000.0,401363.5,269683.0
252,3080,34814.0,"5,9",24000.0,Tervuren,28113.7492,24000.0,401363.5,269683.0
253,3090,33706.0,"5,7",23000.0,Overijse,28221.58942,23000.0,520000.0,264312.5
254,3110,32124.0,"4,3",24000.0,Rotselaar,27722.78367,24000.0,401363.5,269683.0
255,3111,32124.0,"4,3",24000.0,Rotselaar,27722.78367,24000.0,401363.5,269683.0
256,3118,32124.0,"4,3",24000.0,Rotselaar,27722.78367,24000.0,401363.5,269683.0
257,3120,30560.0,"4,2",24000.0,Tremelo,26603.47609,24000.0,401363.5,269683.0
258,3128,30560.0,"4,2",24000.0,Tremelo,26603.47609,24000.0,401363.5,269683.0
259,3130,30459.0,4,24000.0,Begijnendijk,25442.92629,24000.0,401363.5,269683.0
260,3140,32664.0,"4,9",24000.0,Keerbergen,32053.64088,24000.0,401363.5,269683.0
261,3150,31201.0,4,24000.0,Haacht,27165.24703,24000.0,401363.5,269683.0
262,3190,32156.0,4,24000.0,Boortmeerbeek,27423.16509,24000.0,401363.5,269683.0
263,3191,32156.0,4,24000.0,Boortmeerbeek,27423.16509,24000.0,401363.5,269683.0
264,3200,29467.0,"5,4",24000.0,Aarschot,24892.6745,24000.0,401363.5,269683.0
265,3201,29467.0,"5,4",24000.0,Aarschot,24892.6745,24000.0,401363.5,269683.0
266,3202,29467.0,"5,4",24000.0,Aarschot,24892.6745,24000.0,401363.5,269683.0
267,3210,32118.0,"4,2",24000.0,Lubbeek,28582.92193,24000.0,401363.5,269683.0
268,3211,32118.0,"4,2",24000.0,Lubbeek,28582.92193,24000.0,401363.5,269683.0
269,3212,32118.0,"4,2",24000.0,Lubbeek,28582.92193,24000.0,401363.5,269683.0
270,3220,32608.0,"3,4",24000.0,Holsbeek,28347.61661,24000.0,401363.5,269683.0
271,3221,32608.0,"3,4",24000.0,Holsbeek,28347.61661,24000.0,401363.5,269683.0
272,3270,28946.0,"5,2",24000.0,Montaigu-Zichem,23822.20272,24000.0,401363.5,269683.0
273,3271,28946.0,"5,2",24000.0,Montaigu-Zichem,23822.20272,24000.0,401363.5,269683.0
274,3272,28946.0,"5,2",24000.0,Montaigu-Zichem,23822.20272,24000.0,401363.5,269683.0
275,3290,28903.0,"7,1",24000.0,Diest,24117.0775,24000.0,401363.5,269683.0
276,3293,28903.0,"7,1",24000.0,Diest,24117.0775,24000.0,401363.5,269683.0
277,3294,28903.0,"7,1",24000.0,Diest,24117.0775,24000.0,401363.5,269683.0
278,3300,27675.0,"8,7",24000.0,Tirlemont,22844.95566,24000.0,401363.5,269683.0
279,3320,31278.0,4,24000.0,Hoegaarden,27107.95267,24000.0,401363.5,269683.0
280,3321,31278.0,4,24000.0,Hoegaarden,27107.95267,24000.0,401363.5,269683.0
281,3350,30091.0,"4,3",24000.0,Linter,24567.09208,24000.0,401363.5,269683.0
282,3360,32786.0,"4,2",24000.0,Bierbeek,29223.76878,24000.0,401363.5,269683.0
283,3370,32777.0,"3,6",24000.0,Boutersem,27659.05119,24000.0,401363.5,269683.0
284,3380,31461.0,"4,7",24000.0,Glabbeek,26056.46587,24000.0,401363.5,269683.0
285,3381,31461.0,"4,7",24000.0,Glabbeek,26056.46587,24000.0,401363.5,269683.0
286,3384,31461.0,"4,7",24000.0,Glabbeek,26056.46587,24000.0,401363.5,269683.0
287,3390,30163.0,"6,1",24000.0,Tielt-Winge,25097.58897,24000.0,401363.5,269683.0
288,3391,30163.0,"6,1",24000.0,Tielt-Winge,25097.58897,24000.0,401363.5,269683.0
289,3400,29064.0,"5,4",24000.0,Landen,24053.25821,24000.0,401363.5,269683.0
290,3401,29064.0,"5,4",24000.0,Landen,24053.25821,24000.0,401363.5,269683.0
291,3404,29064.0,"5,4",24000.0,Landen,24053.25821,24000.0,401363.5,269683.0
292,3440,28950.0,"4,9",24000.0,Léau,23784.21171,24000.0,401363.5,269683.0
293,3450,28808.0,"6,5",24000.0,Geetbets,22554.29932,24000.0,401363.5,269683.0
294,3454,28808.0,"6,5",24000.0,Geetbets,22554.29932,24000.0,401363.5,269683.0
295,3460,30341.0,"6,4",24000.0,Bekkevoort,24459.64123,24000.0,401363.5,269683.0
296,3461,30341.0,"6,4",24000.0,Bekkevoort,24459.64123,24000.0,401363.5,269683.0
297,3470,30103.0,"4,8",24000.0,Kortenaken,24066.06131,24000.0,401363.5,269683.0
298,3471,30103.0,"4,8",24000.0,Kortenaken,24066.06131,24000.0,401363.5,269683.0
299,3472,30103.0,"4,8",24000.0,Kortenaken,24066.06131,24000.0,401363.5,269683.0
300,3473,30103.0,"4,8",24000.0,Kortenaken,24066.06131,24000.0,401363.5,269683.0
301,3500,28875.0,"8,1",71000.0,Hasselt,24567.25123,71000.0,328250.0,236000.0
302,3501,28875.0,"8,1",71000.0,Hasselt,24567.25123,71000.0,328250.0,236000.0
303,3510,28875.0,"8,1",71000.0,Hasselt,24567.25123,71000.0,328250.0,236000.0
304,3511,28875.0,"8,1",71000.0,Hasselt,24567.25123,71000.0,328250.0,236000.0
305,3512,28875.0,"8,1",71000.0,Hasselt,24567.25123,71000.0,328250.0,236000.0
306,3520,29400.0,"5,4",71000.0,Zonhoven,23727.51766,71000.0,328250.0,236000.0
307,3530,27259.0,7,72000.0,Houthalen-Helchteren,20193.41909,72000.0,311125.0,235451.25
308,3540,29594.0,"5,1",71000.0,Herck-la-Ville,24192.86689,71000.0,328250.0,236000.0
309,3545,29302.0,"4,6",71000.0,Halen,24139.1439,71000.0,328250.0,236000.0
310,3550,27275.0,"8,2",71000.0,Heusden-Zolder,20895.47339,71000.0,328250.0,236000.0
311,3560,29862.0,"4,5",71000.0,Lummen,24013.63097,71000.0,328250.0,236000.0
312,3570,29770.0,"4,8",73000.0,Alken,24338.68777,73000.0,338500.0,218318.75
313,3580,27507.0,"7,5",71000.0,Beringen,20750.9774,71000.0,328250.0,236000.0
314,3581,27507.0,"7,5",71000.0,Beringen,20750.9774,71000.0,328250.0,236000.0
315,3582,27507.0,"7,5",71000.0,Beringen,20750.9774,71000.0,328250.0,236000.0
316,3583,27507.0,"7,5",71000.0,Beringen,20750.9774,71000.0,328250.0,236000.0
317,3590,29637.0,5,71000.0,Diepenbeek,23611.6361,71000.0,328250.0,236000.0
318,3600,26282.0,"9,6",71000.0,Genk,19928.18762,71000.0,328250.0,236000.0
319,3620,28217.0,"7,8",73000.0,Lanaken,22308.099,73000.0,338500.0,218318.75
320,3621,28217.0,"7,8",73000.0,Lanaken,22308.099,73000.0,338500.0,218318.75
321,3630,26170.0,"9,7",73000.0,Maasmechelen,18844.50246,73000.0,338500.0,218318.75
322,3631,26170.0,"9,7",73000.0,Maasmechelen,18844.50246,73000.0,338500.0,218318.75
323,3640,28240.0,"6,2",72000.0,Kinrooi,20676.46066,72000.0,311125.0,235451.25
324,3650,27771.0,"6,5",72000.0,Dilsen-Stokkem,20621.85525,72000.0,311125.0,235451.25
325,3660,29287.0,"5,2",72000.0,Oudsbergen,22219.40454,72000.0,311125.0,235451.25
326,3665,29307.0,"4,4",71000.0,As,23275.26996,71000.0,328250.0,236000.0
327,3668,29307.0,"4,4",71000.0,As,23275.26996,71000.0,328250.0,236000.0
328,3670,29287.0,"5,2",72000.0,Oudsbergen,22219.40454,72000.0,311125.0,235451.25
329,3680,27961.0,"7,4",72000.0,Maaseik,21806.97748,72000.0,311125.0,235451.25
330,3690,29533.0,"5,8",71000.0,Zutendaal,23488.95967,71000.0,328250.0,236000.0
331,3700,27872.0,"8,3",73000.0,Tongres,22023.73535,73000.0,338500.0,218318.75
332,3717,,,nan,Herstappe,24952.97948,,,
333,3720,29536.0,"5,6",73000.0,Kortessem,23517.00992,73000.0,338500.0,218318.75
334,3721,29536.0,"5,6",73000.0,Kortessem,23517.00992,73000.0,338500.0,218318.75
335,3722,29536.0,"5,6",73000.0,Kortessem,23517.00992,73000.0,338500.0,218318.75
336,3723,29536.0,"5,6",73000.0,Kortessem,23517.00992,73000.0,338500.0,218318.75
337,3724,29536.0,"5,6",73000.0,Kortessem,23517.00992,73000.0,338500.0,218318.75
338,3730,29058.0,"5,6",73000.0,Hoeselt,23145.62342,73000.0,338500.0,218318.75
339,3732,29058.0,"5,6",73000.0,Hoeselt,23145.62342,73000.0,338500.0,218318.75
340,3740,28855.0,"6,3",73000.0,Bilzen,22533.45324,73000.0,338500.0,218318.75
341,3742,28855.0,"6,3",73000.0,Bilzen,22533.45324,73000.0,338500.0,218318.75
342,3746,28855.0,"6,3",73000.0,Bilzen,22533.45324,73000.0,338500.0,218318.75
343,3770,29456.0,7,73000.0,Riemst,22132.67344,73000.0,338500.0,218318.75
344,3790,28673.0,"8,2",73000.0,Fourons,22070.49122,73000.0,338500.0,218318.75
345,3791,28673.0,"8,2",73000.0,Fourons,22070.49122,73000.0,338500.0,218318.75
346,3792,28673.0,"8,2",73000.0,Fourons,22070.49122,73000.0,338500.0,218318.75
347,3793,28673.0,"8,2",73000.0,Fourons,22070.49122,73000.0,338500.0,218318.75
348,3798,28673.0,"8,2",73000.0,Fourons,22070.49122,73000.0,338500.0,218318.75
349,3800,27603.0,"8,7",71000.0,Saint-Trond,22522.3793,71000.0,328250.0,236000.0
350,3803,27603.0,"8,7",71000.0,Saint-Trond,22522.3793,71000.0,328250.0,236000.0
351,3806,27603.0,"8,7",71000.0,Saint-Trond,22522.3793,71000.0,328250.0,236000.0
352,3830,29502.0,"4,5",73000.0,Wellen,23955.80087,73000.0,338500.0,218318.75
353,3831,29502.0,"4,5",73000.0,Wellen,23955.80087,73000.0,338500.0,218318.75
354,3832,29502.0,"4,5",73000.0,Wellen,23955.80087,73000.0,338500.0,218318.75
355,3840,28756.0,7,73000.0,Looz,22477.36918,73000.0,338500.0,218318.75
356,3850,28710.0,"5,3",71000.0,Nieuwerkerken,22735.2463,71000.0,328250.0,236000.0
357,3870,28749.0,"6,1",73000.0,Heers,22098.01406,73000.0,338500.0,218318.75
358,3890,29420.0,5,71000.0,Gingelom,23742.18287,71000.0,328250.0,236000.0
359,3891,29420.0,5,71000.0,Gingelom,23742.18287,71000.0,328250.0,236000.0
360,3900,28388.0,"6,5",72000.0,Pelt,21578.12787,72000.0,311125.0,235451.25
361,3910,28388.0,"6,5",72000.0,Pelt,21578.12787,72000.0,311125.0,235451.25
362,3920,28448.0,"6,4",72000.0,Lommel,21686.65725,72000.0,311125.0,235451.25
363,3930,27587.0,8,72000.0,Hamont-Achel,20453.04527,72000.0,311125.0,235451.25
364,3940,28580.0,"6,4",72000.0,Hechtel-Eksel,21384.28914,72000.0,311125.0,235451.25
365,3941,28580.0,"6,4",72000.0,Hechtel-Eksel,21384.28914,72000.0,311125.0,235451.25
366,3945,29195.0,"4,6",71000.0,Ham,22912.65697,71000.0,328250.0,236000.0
367,3950,28125.0,"6,5",72000.0,Bocholt,20597.52831,72000.0,311125.0,235451.25
368,3960,28102.0,"6,1",72000.0,Bree,21638.54219,72000.0,311125.0,235451.25
369,3970,27191.0,"7,5",71000.0,Bourg-Léopold,20888.37027,71000.0,328250.0,236000.0
370,3971,27191.0,"7,5",71000.0,Bourg-Léopold,20888.37027,71000.0,328250.0,236000.0
371,3980,29216.0,"5,3",71000.0,Tessenderlo,23874.87318,71000.0,328250.0,236000.0
372,3990,28885.0,"6,1",72000.0,Peer,21803.9487,72000.0,311125.0,235451.25
373,4000,22342.0,"23,7",62000.0,Liège,17730.1762,62000.0,297750.0,166000.0
374,4020,22342.0,"23,7",62000.0,Liège,17730.1762,62000.0,297750.0,166000.0
375,4030,22342.0,"23,7",62000.0,Liège,17730.1762,62000.0,297750.0,166000.0
376,4031,22342.0,"23,7",62000.0,Liège,17730.1762,62000.0,297750.0,166000.0
377,4032,22342.0,"23,7",62000.0,Liège,17730.1762,62000.0,297750.0,166000.0
378,4040,23921.0,"16,5",62000.0,Herstal,17328.19193,62000.0,297750.0,166000.0
379,4041,23921.0,"16,5",62000.0,Herstal,17328.19193,62000.0,297750.0,166000.0
380,4042,23921.0,"16,5",62000.0,Herstal,17328.19193,62000.0,297750.0,166000.0
381,4050,29212.0,"8,2",62000.0,Chaudfontaine,27244.31274,62000.0,297750.0,166000.0
382,4051,29212.0,"8,2",62000.0,Chaudfontaine,27244.31274,62000.0,297750.0,166000.0
383,4052,29212.0,"8,2",62000.0,Chaudfontaine,27244.31274,62000.0,297750.0,166000.0
384,4053,29212.0,"8,2",62000.0,Chaudfontaine,27244.31274,62000.0,297750.0,166000.0
385,4100,22498.0,"20,8",62000.0,Seraing,16782.47843,62000.0,297750.0,166000.0
386,4101,22498.0,"20,8",62000.0,Seraing,16782.47843,62000.0,297750.0,166000.0
387,4102,22498.0,"20,8",62000.0,Seraing,16782.47843,62000.0,297750.0,166000.0
388,4120,31466.0,"5,3",62000.0,Neupré,28167.14029,62000.0,297750.0,166000.0
389,4121,31466.0,"5,3",62000.0,Neupré,28167.14029,62000.0,297750.0,166000.0
390,4122,31466.0,"5,3",62000.0,Neupré,28167.14029,62000.0,297750.0,166000.0
391,4130,29185.0,"7,6",62000.0,Esneux,26151.09406,62000.0,297750.0,166000.0
392,4140,29682.0,7,62000.0,Sprimont,24734.221,62000.0,297750.0,166000.0
393,4141,29682.0,7,62000.0,Sprimont,24734.221,62000.0,297750.0,166000.0
394,4160,29235.0,"7,7",61000.0,Anthisnes,23855.82337,61000.0,272250.0,190750.0
395,4161,29235.0,"7,7",61000.0,Anthisnes,23855.82337,61000.0,272250.0,190750.0
396,4162,29235.0,"7,7",61000.0,Anthisnes,23855.82337,61000.0,272250.0,190750.0
397,4163,29235.0,"7,7",61000.0,Anthisnes,23855.82337,61000.0,272250.0,190750.0
398,4170,25677.0,"11,1",62000.0,Comblain-au-Pont,19759.27976,62000.0,297750.0,166000.0
399,4171,25677.0,"11,1",62000.0,Comblain-au-Pont,19759.27976,62000.0,297750.0,166000.0
400,4180,27294.0,"10,3",61000.0,Hamoir,20974.73052,61000.0,272250.0,190750.0
401,4181,27294.0,"10,3",61000.0,Hamoir,20974.73052,61000.0,272250.0,190750.0
402,4190,28903.0,"7,4",61000.0,Ferrières,22610.98799,61000.0,272250.0,190750.0
403,4210,31387.0,"4,8",61000.0,Burdinne,24981.74031,61000.0,272250.0,190750.0
404,4217,30646.0,"4,9",61000.0,Héron,23965.20199,61000.0,272250.0,190750.0
405,4218,30646.0,"4,9",61000.0,Héron,23965.20199,61000.0,272250.0,190750.0
406,4219,28362.0,"8,7",64000.0,Wasseiges,22454.15877,64000.0,286750.0,184287.5
407,4250,30968.0,"4,2",64000.0,Geer,24478.49108,64000.0,286750.0,184287.5
408,4252,30968.0,"4,2",64000.0,Geer,24478.49108,64000.0,286750.0,184287.5
409,4253,30968.0,"4,2",64000.0,Geer,24478.49108,64000.0,286750.0,184287.5
410,4254,30968.0,"4,2",64000.0,Geer,24478.49108,64000.0,286750.0,184287.5
411,4257,29834.0,"5,1",64000.0,Berloz,23291.26928,64000.0,286750.0,184287.5
412,4260,29754.0,"5,3",64000.0,Braives,23279.85781,64000.0,286750.0,184287.5
413,4261,29754.0,"5,3",64000.0,Braives,23279.85781,64000.0,286750.0,184287.5
414,4263,29754.0,"5,3",64000.0,Braives,23279.85781,64000.0,286750.0,184287.5
415,4280,29004.0,"7,4",64000.0,Hannut,24175.02023,64000.0,286750.0,184287.5
416,4287,28654.0,"6,2",64000.0,Lincent,23090.53081,64000.0,286750.0,184287.5
417,4300,26996.0,"9,5",64000.0,Waremme,22730.83593,64000.0,286750.0,184287.5
418,4317,30979.0,"4,8",64000.0,Faimes,25129.738,64000.0,286750.0,184287.5
419,4340,28293.0,"7,8",62000.0,Awans,23143.39836,62000.0,297750.0,166000.0
420,4342,28293.0,"7,8",62000.0,Awans,23143.39836,62000.0,297750.0,166000.0
421,4347,29459.0,"5,3",64000.0,Fexhe-le-Haut-Clocher,23665.65493,64000.0,286750.0,184287.5
422,4350,29877.0,"5,2",64000.0,Remicourt,24495.54069,64000.0,286750.0,184287.5
423,4351,29877.0,"5,2",64000.0,Remicourt,24495.54069,64000.0,286750.0,184287.5
424,4357,30893.0,"4,6",64000.0,Donceel,26079.20919,64000.0,286750.0,184287.5
425,4360,29365.0,"6,7",64000.0,Oreye,22951.49226,64000.0,286750.0,184287.5
426,4367,29091.0,"5,7",64000.0,Crisnée,24459.76549,64000.0,286750.0,184287.5
427,4400,25236.0,"12,7",62000.0,Flémalle,19211.94248,62000.0,297750.0,166000.0
428,4420,22985.0,18,62000.0,Saint-Nicolas,16256.16431,62000.0,297750.0,166000.0
429,4430,25054.0,14,62000.0,Ans,19110.99898,62000.0,297750.0,166000.0
430,4431,25054.0,14,62000.0,Ans,19110.99898,62000.0,297750.0,166000.0
431,4432,25054.0,14,62000.0,Ans,19110.99898,62000.0,297750.0,166000.0
432,4450,29184.0,"5,6",62000.0,Juprelle,23378.12716,62000.0,297750.0,166000.0
433,4451,29184.0,"5,6",62000.0,Juprelle,23378.12716,62000.0,297750.0,166000.0
434,4452,29184.0,"5,6",62000.0,Juprelle,23378.12716,62000.0,297750.0,166000.0
435,4453,29184.0,"5,6",62000.0,Juprelle,23378.12716,62000.0,297750.0,166000.0
436,4458,29184.0,"5,6",62000.0,Juprelle,23378.12716,62000.0,297750.0,166000.0
437,4460,24818.0,14,62000.0,Grâce-Hollogne,18145.18853,62000.0,297750.0,166000.0
438,4470,27473.0,"8,4",64000.0,Saint-Georges-sur-Meuse,21244.39597,64000.0,286750.0,184287.5
439,4480,25586.0,"12,4",61000.0,Engis,18758.1578,61000.0,272250.0,190750.0
440,4500,24357.0,"15,3",61000.0,Huy,20218.85479,61000.0,272250.0,190750.0
441,4520,28011.0,"8,5",61000.0,Wanze,22795.44511,61000.0,272250.0,190750.0
442,4530,29243.0,7,61000.0,Villers-Le-Bouillet,23643.18699,61000.0,272250.0,190750.0
443,4537,30987.0,5,61000.0,Verlaine,25383.65958,61000.0,272250.0,190750.0
444,4540,26224.0,"10,4",61000.0,Amay,20160.69812,61000.0,272250.0,190750.0
445,4550,31172.0,"4,2",61000.0,Nandrin,27341.35477,61000.0,272250.0,190750.0
446,4557,30378.0,"6,2",61000.0,Tinlot,24443.53156,61000.0,272250.0,190750.0
447,4560,28893.0,"7,7",61000.0,Clavier,22810.9653,61000.0,272250.0,190750.0
448,4570,28727.0,"6,6",61000.0,Marchin,22799.569,61000.0,272250.0,190750.0
449,4577,29271.0,"7,1",61000.0,Modave,23499.36842,61000.0,272250.0,190750.0
450,4590,27963.0,"6,9",61000.0,Ouffet,22438.83634,61000.0,272250.0,190750.0
451,4600,26384.0,"12,3",62000.0,Visé,20821.59101,62000.0,297750.0,166000.0
452,4601,26384.0,"12,3",62000.0,Visé,20821.59101,62000.0,297750.0,166000.0
453,4602,26384.0,"12,3",62000.0,Visé,20821.59101,62000.0,297750.0,166000.0
454,4606,29933.0,"5,8",62000.0,Dalhem,23895.98066,62000.0,297750.0,166000.0
455,4607,29933.0,"5,8",62000.0,Dalhem,23895.98066,62000.0,297750.0,166000.0
456,4608,29933.0,"5,8",62000.0,Dalhem,23895.98066,62000.0,297750.0,166000.0
457,4610,25546.0,"12,5",62000.0,Beyne-Heusay,19301.16539,62000.0,297750.0,166000.0
458,4620,25749.0,"11,3",62000.0,Fléron,20657.0401,62000.0,297750.0,166000.0
459,4621,25749.0,"11,3",62000.0,Fléron,20657.0401,62000.0,297750.0,166000.0
460,4623,25749.0,"11,3",62000.0,Fléron,20657.0401,62000.0,297750.0,166000.0
461,4624,25749.0,"11,3",62000.0,Fléron,20657.0401,62000.0,297750.0,166000.0
462,4630,27645.0,"8,1",62000.0,Soumagne,21620.11138,62000.0,297750.0,166000.0
463,4631,27645.0,"8,1",62000.0,Soumagne,21620.11138,62000.0,297750.0,166000.0
464,4632,27645.0,"8,1",62000.0,Soumagne,21620.11138,62000.0,297750.0,166000.0
465,4633,27645.0,"8,1",62000.0,Soumagne,21620.11138,62000.0,297750.0,166000.0
466,4650,28696.0,"7,6",63000.0,Herve,22264.10451,63000.0,286250.0,172500.0
467,4651,28696.0,"7,6",63000.0,Herve,22264.10451,63000.0,286250.0,172500.0
468,4652,28696.0,"7,6",63000.0,Herve,22264.10451,63000.0,286250.0,172500.0
469,4653,28696.0,"7,6",63000.0,Herve,22264.10451,63000.0,286250.0,172500.0
470,4654,28696.0,"7,6",63000.0,Herve,22264.10451,63000.0,286250.0,172500.0
471,4670,28694.0,"6,7",62000.0,Blegny,23321.40782,62000.0,297750.0,166000.0
472,4671,28694.0,"6,7",62000.0,Blegny,23321.40782,62000.0,297750.0,166000.0
473,4672,28694.0,"6,7",62000.0,Blegny,23321.40782,62000.0,297750.0,166000.0
474,4680,26216.0,11,62000.0,Oupeye,20442.84442,62000.0,297750.0,166000.0
475,4681,26216.0,11,62000.0,Oupeye,20442.84442,62000.0,297750.0,166000.0
476,4682,26216.0,11,62000.0,Oupeye,20442.84442,62000.0,297750.0,166000.0
477,4683,26216.0,11,62000.0,Oupeye,20442.84442,62000.0,297750.0,166000.0
478,4684,26216.0,11,62000.0,Oupeye,20442.84442,62000.0,297750.0,166000.0
479,4690,27525.0,"8,4",62000.0,Bassenge,21431.86695,62000.0,297750.0,166000.0
480,4700,25981.0,15,63000.0,Eupen,20886.37879,63000.0,286250.0,172500.0
481,4701,25981.0,15,63000.0,Eupen,20886.37879,63000.0,286250.0,172500.0
482,4710,28322.0,"8,9",63000.0,Lontzen,20848.01004,63000.0,286250.0,172500.0
483,4711,28322.0,"8,9",63000.0,Lontzen,20848.01004,63000.0,286250.0,172500.0
484,4720,25715.0,"14,4",63000.0,La Calamine,19325.81435,63000.0,286250.0,172500.0
485,4721,25715.0,"14,4",63000.0,La Calamine,19325.81435,63000.0,286250.0,172500.0
486,4728,25715.0,"14,4",63000.0,La Calamine,19325.81435,63000.0,286250.0,172500.0
487,4730,28877.0,"10,5",63000.0,Raeren,22699.48718,63000.0,286250.0,172500.0
488,4731,28877.0,"10,5",63000.0,Raeren,22699.48718,63000.0,286250.0,172500.0
489,4750,27968.0,"7,4",63000.0,Butgenbach,20387.27779,63000.0,286250.0,172500.0
490,4760,28221.0,"7,6",63000.0,Bullange,21371.19975,63000.0,286250.0,172500.0
491,4761,28221.0,"7,6",63000.0,Bullange,21371.19975,63000.0,286250.0,172500.0
492,4770,29702.0,"6,5",63000.0,Amblève,20943.66165,63000.0,286250.0,172500.0
493,4771,29702.0,"6,5",63000.0,Amblève,20943.66165,63000.0,286250.0,172500.0
494,4780,30037.0,7,63000.0,Saint-Vith,22379.0318,63000.0,286250.0,172500.0
495,4782,30037.0,7,63000.0,Saint-Vith,22379.0318,63000.0,286250.0,172500.0
496,4783,30037.0,7,63000.0,Saint-Vith,22379.0318,63000.0,286250.0,172500.0
497,4784,30037.0,7,63000.0,Saint-Vith,22379.0318,63000.0,286250.0,172500.0
498,4790,32455.0,"6,1",63000.0,Burg-Reuland,21421.02508,63000.0,286250.0,172500.0
499,4791,32455.0,"6,1",63000.0,Burg-Reuland,21421.02508,63000.0,286250.0,172500.0
500,4800,22871.0,"22,4",63000.0,Verviers,16857.90127,63000.0,286250.0,172500.0
501,4801,22871.0,"22,4",63000.0,Verviers,16857.90127,63000.0,286250.0,172500.0
502,4802,22871.0,"22,4",63000.0,Verviers,16857.90127,63000.0,286250.0,172500.0
503,4820,22000.0,"24,8",63000.0,Dison,14426.00065,63000.0,286250.0,172500.0
504,4821,22000.0,"24,8",63000.0,Dison,14426.00065,63000.0,286250.0,172500.0
505,4830,27587.0,"8,4",63000.0,Limbourg,20914.26095,63000.0,286250.0,172500.0
506,4831,27587.0,"8,4",63000.0,Limbourg,20914.26095,63000.0,286250.0,172500.0
507,4834,27587.0,"8,4",63000.0,Limbourg,20914.26095,63000.0,286250.0,172500.0
508,4837,28182.0,"5,9",63000.0,Baelen,22092.37409,63000.0,286250.0,172500.0
509,4840,27388.0,"9,7",63000.0,Welkenraedt,20828.80311,63000.0,286250.0,172500.0
510,4841,27388.0,"9,7",63000.0,Welkenraedt,20828.80311,63000.0,286250.0,172500.0
511,4845,30499.0,"5,3",63000.0,Jalhay,24652.8095,63000.0,286250.0,172500.0
512,4850,27156.0,"9,1",63000.0,Plombières,19706.47742,63000.0,286250.0,172500.0
513,4851,27156.0,"9,1",63000.0,Plombières,19706.47742,63000.0,286250.0,172500.0
514,4852,27156.0,"9,1",63000.0,Plombières,19706.47742,63000.0,286250.0,172500.0
515,4860,26779.0,"10,7",63000.0,Pepinster,20048.53412,63000.0,286250.0,172500.0
516,4861,26779.0,"10,7",63000.0,Pepinster,20048.53412,63000.0,286250.0,172500.0
517,4870,27524.0,"9,6",62000.0,Trooz,22065.18224,62000.0,297750.0,166000.0
518,4877,30516.0,"5,2",63000.0,Olne,26255.34039,63000.0,286250.0,172500.0
519,4880,28358.0,"7,8",63000.0,Aubel,23173.41618,63000.0,286250.0,172500.0
520,4890,29954.0,"4,6",63000.0,Thimister-Clermont,23366.93108,63000.0,286250.0,172500.0
521,4900,25354.0,"11,6",63000.0,Spa,21061.30407,63000.0,286250.0,172500.0
522,4910,29184.0,"6,1",63000.0,Theux,23831.74413,63000.0,286250.0,172500.0
523,4920,27272.0,"10,3",62000.0,Aywaille,21666.18325,62000.0,297750.0,166000.0
524,4950,27786.0,"7,4",63000.0,Waimes,20570.49991,63000.0,286250.0,172500.0
525,4960,27116.0,"10,4",63000.0,Malmedy,20928.27505,63000.0,286250.0,172500.0
526,4970,27533.0,"9,3",63000.0,Stavelot,20867.11635,63000.0,286250.0,172500.0
527,4980,27254.0,"9,6",63000.0,Trois-Ponts,20508.39373,63000.0,286250.0,172500.0
528,4983,27254.0,"9,6",63000.0,Trois-Ponts,20508.39373,63000.0,286250.0,172500.0
529,4987,28812.0,"7,5",63000.0,Stoumont,22798.39971,63000.0,286250.0,172500.0
530,4990,28503.0,"8,7",63000.0,Lierneux,20924.09811,63000.0,286250.0,172500.0
531,5000,26135.0,"13,9",92000.0,Namur,21238.75778,92000.0,298000.0,197500.0
532,5001,26135.0,"13,9",92000.0,Namur,21238.75778,92000.0,298000.0,197500.0
533,5002,26135.0,"13,9",92000.0,Namur,21238.75778,92000.0,298000.0,197500.0
534,5003,26135.0,"13,9",92000.0,Namur,21238.75778,92000.0,298000.0,197500.0
535,5004,26135.0,"13,9",92000.0,Namur,21238.75778,92000.0,298000.0,197500.0
536,5020,26135.0,"13,9",92000.0,Namur,21238.75778,92000.0,298000.0,197500.0
537,5021,26135.0,"13,9",92000.0,Namur,21238.75778,92000.0,298000.0,197500.0
538,5022,26135.0,"13,9",92000.0,Namur,21238.75778,92000.0,298000.0,197500.0
539,5024,26135.0,"13,9",92000.0,Namur,21238.75778,92000.0,298000.0,197500.0
540,5030,29671.0,"7,4",92000.0,Gembloux,23875.45566,92000.0,298000.0,197500.0
541,5031,29671.0,"7,4",92000.0,Gembloux,23875.45566,92000.0,298000.0,197500.0
542,5032,29671.0,"7,4",92000.0,Gembloux,23875.45566,92000.0,298000.0,197500.0
543,5060,25118.0,"12,5",92000.0,Sambreville,19200.34224,92000.0,298000.0,197500.0
544,5070,27590.0,"10,2",92000.0,Fosses-la-Ville,21377.28154,92000.0,298000.0,197500.0
545,5080,31326.0,"4,2",92000.0,La Bruyère,25965.84464,92000.0,298000.0,197500.0
546,5081,31326.0,"4,2",92000.0,La Bruyère,25965.84464,92000.0,298000.0,197500.0
547,5100,26135.0,"13,9",92000.0,Namur,21238.75778,92000.0,298000.0,197500.0
548,5101,26135.0,"13,9",92000.0,Namur,21238.75778,92000.0,298000.0,197500.0
549,5140,29092.0,"7,5",92000.0,Sombreffe,22712.85564,92000.0,298000.0,197500.0
550,5150,29509.0,"5,5",92000.0,Floreffe,23234.76703,92000.0,298000.0,197500.0
551,5170,29331.0,"7,7",92000.0,Profondeville,23947.48311,92000.0,298000.0,197500.0
552,5190,27303.0,"9,5",92000.0,Jemeppe-sur-Sambre,21212.54867,92000.0,298000.0,197500.0
553,5300,26552.0,"10,5",92000.0,Andenne,20454.281,92000.0,298000.0,197500.0
554,5310,29670.0,"5,8",92000.0,Eghezée,23871.76385,92000.0,298000.0,197500.0
555,5330,30399.0,"5,9",92000.0,Assesse,23659.58508,92000.0,298000.0,197500.0
556,5332,30399.0,"5,9",92000.0,Assesse,23659.58508,92000.0,298000.0,197500.0
557,5333,30399.0,"5,9",92000.0,Assesse,23659.58508,92000.0,298000.0,197500.0
558,5334,30399.0,"5,9",92000.0,Assesse,23659.58508,92000.0,298000.0,197500.0
559,5336,30399.0,"5,9",92000.0,Assesse,23659.58508,92000.0,298000.0,197500.0
560,5340,29941.0,"6,5",92000.0,Gesves,24376.54416,92000.0,298000.0,197500.0
561,5350,28869.0,"6,7",92000.0,Ohey,21793.49669,92000.0,298000.0,197500.0
562,5351,28869.0,"6,7",92000.0,Ohey,21793.49669,92000.0,298000.0,197500.0
563,5352,28869.0,"6,7",92000.0,Ohey,21793.49669,92000.0,298000.0,197500.0
564,5353,28869.0,"6,7",92000.0,Ohey,21793.49669,92000.0,298000.0,197500.0
565,5354,28869.0,"6,7",92000.0,Ohey,21793.49669,92000.0,298000.0,197500.0
566,5360,29134.0,7,91000.0,Hamois,21791.90215,91000.0,206762.5,166250.0
567,5361,29134.0,7,91000.0,Hamois,21791.90215,91000.0,206762.5,166250.0
568,5362,29134.0,7,91000.0,Hamois,21791.90215,91000.0,206762.5,166250.0
569,5363,29134.0,7,91000.0,Hamois,21791.90215,91000.0,206762.5,166250.0
570,5364,29134.0,7,91000.0,Hamois,21791.90215,91000.0,206762.5,166250.0
571,5370,27860.0,"8,5",91000.0,Havelange,20801.1573,91000.0,206762.5,166250.0
572,5372,27860.0,"8,5",91000.0,Havelange,20801.1573,91000.0,206762.5,166250.0
573,5374,27860.0,"8,5",91000.0,Havelange,20801.1573,91000.0,206762.5,166250.0
574,5376,27860.0,"8,5",91000.0,Havelange,20801.1573,91000.0,206762.5,166250.0
575,5377,27472.0,"8,2",91000.0,Somme-Leuze,21028.94132,91000.0,206762.5,166250.0
576,5380,30118.0,"4,8",92000.0,Fernelmont,24333.69772,92000.0,298000.0,197500.0
577,5500,24333.0,"15,9",91000.0,Dinant,19276.88907,91000.0,206762.5,166250.0
578,5501,24333.0,"15,9",91000.0,Dinant,19276.88907,91000.0,206762.5,166250.0
579,5502,24333.0,"15,9",91000.0,Dinant,19276.88907,91000.0,206762.5,166250.0
580,5503,24333.0,"15,9",91000.0,Dinant,19276.88907,91000.0,206762.5,166250.0
581,5504,24333.0,"15,9",91000.0,Dinant,19276.88907,91000.0,206762.5,166250.0
582,5520,27881.0,"8,7",91000.0,Onhaye,20876.8712,91000.0,206762.5,166250.0
583,5521,27881.0,"8,7",91000.0,Onhaye,20876.8712,91000.0,206762.5,166250.0
584,5522,27881.0,"8,7",91000.0,Onhaye,20876.8712,91000.0,206762.5,166250.0
585,5523,27881.0,"8,7",91000.0,Onhaye,20876.8712,91000.0,206762.5,166250.0
586,5524,27881.0,"8,7",91000.0,Onhaye,20876.8712,91000.0,206762.5,166250.0
587,5530,28730.0,8,91000.0,Yvoir,22961.95441,91000.0,206762.5,166250.0
588,5537,27395.0,"7,6",91000.0,Anhée,21042.77935,91000.0,206762.5,166250.0
589,5540,23249.0,16,91000.0,Hastière,18275.73614,91000.0,206762.5,166250.0
590,5541,23249.0,16,91000.0,Hastière,18275.73614,91000.0,206762.5,166250.0
591,5542,23249.0,16,91000.0,Hastière,18275.73614,91000.0,206762.5,166250.0
592,5543,23249.0,16,91000.0,Hastière,18275.73614,91000.0,206762.5,166250.0
593,5544,23249.0,16,91000.0,Hastière,18275.73614,91000.0,206762.5,166250.0
594,5550,24181.0,"12,3",91000.0,Vresse-sur-Semois,19013.316,91000.0,206762.5,166250.0
595,5555,25281.0,"11,8",91000.0,Bièvre,18529.08732,91000.0,206762.5,166250.0
596,5560,26583.0,"11,1",91000.0,Houyet,19999.94002,91000.0,206762.5,166250.0
597,5561,26583.0,"11,1",91000.0,Houyet,19999.94002,91000.0,206762.5,166250.0
598,5562,26583.0,"11,1",91000.0,Houyet,19999.94002,91000.0,206762.5,166250.0
599,5563,26583.0,"11,1",91000.0,Houyet,19999.94002,91000.0,206762.5,166250.0
600,5564,26583.0,"11,1",91000.0,Houyet,19999.94002,91000.0,206762.5,166250.0
601,5570,25451.0,"12,5",91000.0,Beauraing,18999.21599,91000.0,206762.5,166250.0
602,5571,25451.0,"12,5",91000.0,Beauraing,18999.21599,91000.0,206762.5,166250.0
603,5572,25451.0,"12,5",91000.0,Beauraing,18999.21599,91000.0,206762.5,166250.0
604,5573,25451.0,"12,5",91000.0,Beauraing,18999.21599,91000.0,206762.5,166250.0
605,5574,25451.0,"12,5",91000.0,Beauraing,18999.21599,91000.0,206762.5,166250.0
606,5575,25248.0,"11,9",91000.0,Gedinne,19159.25358,91000.0,206762.5,166250.0
607,5576,25451.0,"12,5",91000.0,Beauraing,18999.21599,91000.0,206762.5,166250.0
608,5580,26292.0,"11,2",91000.0,Rochefort,19940.48289,91000.0,206762.5,166250.0
609,5590,26943.0,"9,5",91000.0,Ciney,20895.25181,91000.0,206762.5,166250.0
610,5600,25695.0,"11,5",93000.0,Philippeville,19881.00626,93000.0,202875.0,
611,5620,26334.0,"10,6",93000.0,Florennes,20062.57805,93000.0,202875.0,
612,5621,26334.0,"10,6",93000.0,Florennes,20062.57805,93000.0,202875.0,
613,5630,26869.0,"9,8",93000.0,Cerfontaine,20658.90254,93000.0,202875.0,
614,5640,28138.0,"7,6",92000.0,Mettet,22034.69941,92000.0,298000.0,197500.0
615,5641,28138.0,"7,6",92000.0,Mettet,22034.69941,92000.0,298000.0,197500.0
616,5644,28138.0,"7,6",92000.0,Mettet,22034.69941,92000.0,298000.0,197500.0
617,5646,28138.0,"7,6",92000.0,Mettet,22034.69941,92000.0,298000.0,197500.0
618,5650,27975.0,"8,4",93000.0,Walcourt,22112.38686,93000.0,202875.0,
619,5651,27975.0,"8,4",93000.0,Walcourt,22112.38686,93000.0,202875.0,
620,5660,23960.0,"16,8",93000.0,Couvin,18222.6891,93000.0,202875.0,
621,5670,23930.0,"14,8",93000.0,Viroinval,18805.42054,93000.0,202875.0,
622,5680,25033.0,"12,3",93000.0,Doische,19154.0464,93000.0,202875.0,
623,6000,21610.0,"24,2",52000.0,Charleroi,15594.0997,52000.0,278375.0,128125.0
624,6001,21610.0,"24,2",52000.0,Charleroi,15594.0997,52000.0,278375.0,128125.0
625,6010,21610.0,"24,2",52000.0,Charleroi,15594.0997,52000.0,278375.0,128125.0
626,6020,21610.0,"24,2",52000.0,Charleroi,15594.0997,52000.0,278375.0,128125.0
627,6030,21610.0,"24,2",52000.0,Charleroi,15594.0997,52000.0,278375.0,128125.0
628,6031,21610.0,"24,2",52000.0,Charleroi,15594.0997,52000.0,278375.0,128125.0
629,6032,21610.0,"24,2",52000.0,Charleroi,15594.0997,52000.0,278375.0,128125.0
630,6040,21610.0,"24,2",52000.0,Charleroi,15594.0997,52000.0,278375.0,128125.0
631,6041,21610.0,"24,2",52000.0,Charleroi,15594.0997,52000.0,278375.0,128125.0
632,6042,21610.0,"24,2",52000.0,Charleroi,15594.0997,52000.0,278375.0,128125.0
633,6043,21610.0,"24,2",52000.0,Charleroi,15594.0997,52000.0,278375.0,128125.0
634,6044,21610.0,"24,2",52000.0,Charleroi,15594.0997,52000.0,278375.0,128125.0
635,6060,21610.0,"24,2",52000.0,Charleroi,15594.0997,52000.0,278375.0,128125.0
636,6061,21610.0,"24,2",52000.0,Charleroi,15594.0997,52000.0,278375.0,128125.0
637,6110,28401.0,"7,4",52000.0,Montigny-le-Tilleul,24567.25153,52000.0,278375.0,128125.0
638,6111,28401.0,"7,4",52000.0,Montigny-le-Tilleul,24567.25153,52000.0,278375.0,128125.0
639,6120,30062.0,"6,2",56000.0,Ham-sur-Heure-Nalinnes,25983.3697,56000.0,230412.75,
640,6140,24753.0,"14,3",52000.0,Fontaine-l’Evêque,18700.62738,52000.0,278375.0,128125.0
641,6141,24753.0,"14,3",52000.0,Fontaine-l’Evêque,18700.62738,52000.0,278375.0,128125.0
642,6142,24753.0,"14,3",52000.0,Fontaine-l’Evêque,18700.62738,52000.0,278375.0,128125.0
643,6150,24877.0,"12,8",56000.0,Anderlues,18404.01619,56000.0,230412.75,
644,6180,24451.0,"14,5",52000.0,Courcelles,18432.46336,52000.0,278375.0,128125.0
645,6181,24451.0,"14,5",52000.0,Courcelles,18432.46336,52000.0,278375.0,128125.0
646,6182,24451.0,"14,5",52000.0,Courcelles,18432.46336,52000.0,278375.0,128125.0
647,6183,24451.0,"14,5",52000.0,Courcelles,18432.46336,52000.0,278375.0,128125.0
648,6200,22741.0,"18,7",52000.0,Châtelet,16673.75483,52000.0,278375.0,128125.0
649,6210,28924.0,"6,9",52000.0,Les Bons Villers,24447.79865,52000.0,278375.0,128125.0
650,6211,28924.0,"6,9",52000.0,Les Bons Villers,24447.79865,52000.0,278375.0,128125.0
651,6220,25155.0,"13,2",52000.0,Fleurus,19144.26967,52000.0,278375.0,128125.0
652,6221,25155.0,"13,2",52000.0,Fleurus,19144.26967,52000.0,278375.0,128125.0
653,6222,25155.0,"13,2",52000.0,Fleurus,19144.26967,52000.0,278375.0,128125.0
654,6223,25155.0,"13,2",52000.0,Fleurus,19144.26967,52000.0,278375.0,128125.0
655,6224,25155.0,"13,2",52000.0,Fleurus,19144.26967,52000.0,278375.0,128125.0
656,6230,28475.0,"7,5",52000.0,Pont-à-Celles,23253.70269,52000.0,278375.0,128125.0
657,6238,28475.0,"7,5",52000.0,Pont-à-Celles,23253.70269,52000.0,278375.0,128125.0
658,6240,21279.0,"23,3",52000.0,Farciennes,14359.82177,52000.0,278375.0,128125.0
659,6250,24641.0,"14,6",52000.0,Aiseau-Presles,18951.42634,52000.0,278375.0,128125.0
660,6280,28736.0,8,52000.0,Gerpinnes,24970.93796,52000.0,278375.0,128125.0
661,6440,24711.0,"13,8",56000.0,Froidchapelle,19243.75404,56000.0,230412.75,
662,6441,24711.0,"13,8",56000.0,Froidchapelle,19243.75404,56000.0,230412.75,
663,6460,23914.0,"16,6",56000.0,Chimay,18574.47438,56000.0,230412.75,
664,6461,23914.0,"16,6",56000.0,Chimay,18574.47438,56000.0,230412.75,
665,6462,23914.0,"16,6",56000.0,Chimay,18574.47438,56000.0,230412.75,
666,6463,23914.0,"16,6",56000.0,Chimay,18574.47438,56000.0,230412.75,
667,6464,23914.0,"16,6",56000.0,Chimay,18574.47438,56000.0,230412.75,
668,6470,25112.0,"12,5",56000.0,Sivry-Rance,19761.27368,56000.0,230412.75,
669,6500,25687.0,"11,9",56000.0,Beaumont,20457.53674,56000.0,230412.75,
670,6511,25687.0,"11,9",56000.0,Beaumont,20457.53674,56000.0,230412.75,
671,6530,26831.0,"11,6",56000.0,Thuin,22421.95492,56000.0,230412.75,
672,6531,26831.0,"11,6",56000.0,Thuin,22421.95492,56000.0,230412.75,
673,6532,26831.0,"11,6",56000.0,Thuin,22421.95492,56000.0,230412.75,
674,6533,26831.0,"11,6",56000.0,Thuin,22421.95492,56000.0,230412.75,
675,6534,26831.0,"11,6",56000.0,Thuin,22421.95492,56000.0,230412.75,
676,6536,26831.0,"11,6",56000.0,Thuin,22421.95492,56000.0,230412.75,
677,6540,28419.0,"7,5",56000.0,Lobbes,22285.48122,56000.0,230412.75,
678,6542,28419.0,"7,5",56000.0,Lobbes,22285.48122,56000.0,230412.75,
679,6543,28419.0,"7,5",56000.0,Lobbes,22285.48122,56000.0,230412.75,
680,6560,24298.0,"16,5",56000.0,Erquelinnes,18119.65453,56000.0,230412.75,
681,6567,26052.0,"12,8",56000.0,Merbes-le-Château,19518.94175,56000.0,230412.75,
682,6590,23262.0,"18,5",56000.0,Momignies,16838.03652,56000.0,230412.75,
683,6591,23262.0,"18,5",56000.0,Momignies,16838.03652,56000.0,230412.75,
684,6592,23262.0,"18,5",56000.0,Momignies,16838.03652,56000.0,230412.75,
685,6593,23262.0,"18,5",56000.0,Momignies,16838.03652,56000.0,230412.75,
686,6594,23262.0,"18,5",56000.0,Momignies,16838.03652,56000.0,230412.75,
687,6596,23262.0,"18,5",56000.0,Momignies,16838.03652,56000.0,230412.75,
688,6600,29270.0,"9,7",82000.0,Bastogne,20253.29034,82000.0,289375.0,178750.0
689,6630,31868.0,"10,2",81000.0,Martelange,20570.92042,81000.0,418125.0,228500.0
690,6637,32362.0,"7,1",82000.0,Fauvillers,21584.61074,82000.0,289375.0,178750.0
691,6640,30709.0,"6,8",82000.0,Vaux-sur-Sûre,20498.60779,82000.0,289375.0,178750.0
692,6642,30709.0,"6,8",82000.0,Vaux-sur-Sûre,20498.60779,82000.0,289375.0,178750.0
693,6660,28172.0,"9,8",82000.0,Houffalize,20058.35914,82000.0,289375.0,178750.0
694,6661,28172.0,"9,8",82000.0,Houffalize,20058.35914,82000.0,289375.0,178750.0
695,6662,28172.0,"9,8",82000.0,Houffalize,20058.35914,82000.0,289375.0,178750.0
696,6663,28172.0,"9,8",82000.0,Houffalize,20058.35914,82000.0,289375.0,178750.0
697,6666,28172.0,"9,8",82000.0,Houffalize,20058.35914,82000.0,289375.0,178750.0
698,6670,27512.0,"10,1",82000.0,Gouvy,19059.88202,82000.0,289375.0,178750.0
699,6671,27512.0,"10,1",82000.0,Gouvy,19059.88202,82000.0,289375.0,178750.0
700,6672,27512.0,"10,1",82000.0,Gouvy,19059.88202,82000.0,289375.0,178750.0
701,6673,27512.0,"10,1",82000.0,Gouvy,19059.88202,82000.0,289375.0,178750.0
702,6674,27512.0,"10,1",82000.0,Gouvy,19059.88202,82000.0,289375.0,178750.0
703,6680,27911.0,"10,4",82000.0,Sainte-Ode,18835.5395,82000.0,289375.0,178750.0
704,6681,27911.0,"10,4",82000.0,Sainte-Ode,18835.5395,82000.0,289375.0,178750.0
705,6686,30175.0,"5,2",82000.0,Bertogne,20320.78792,82000.0,289375.0,178750.0
706,6687,30175.0,"5,2",82000.0,Bertogne,20320.78792,82000.0,289375.0,178750.0
707,6688,30175.0,"5,2",82000.0,Bertogne,20320.78792,82000.0,289375.0,178750.0
708,6690,26692.0,"10,7",82000.0,Vielsalm,19472.62303,82000.0,289375.0,178750.0
709,6692,26692.0,"10,7",82000.0,Vielsalm,19472.62303,82000.0,289375.0,178750.0
710,6698,26692.0,"10,7",82000.0,Vielsalm,19472.62303,82000.0,289375.0,178750.0
711,6700,34822.0,"9,2",81000.0,Arlon,24812.89955,81000.0,418125.0,228500.0
712,6704,34822.0,"9,2",81000.0,Arlon,24812.89955,81000.0,418125.0,228500.0
713,6706,34822.0,"9,2",81000.0,Arlon,24812.89955,81000.0,418125.0,228500.0
714,6717,42211.0,"4,3",81000.0,Attert,29904.45211,81000.0,418125.0,228500.0
715,6720,34120.0,7,85000.0,Habay,24067.32807,85000.0,285500.0,
716,6721,34120.0,7,85000.0,Habay,24067.32807,85000.0,285500.0,
717,6723,34120.0,7,85000.0,Habay,24067.32807,85000.0,285500.0,
718,6724,34120.0,7,85000.0,Habay,24067.32807,85000.0,285500.0,
719,6730,30960.0,"5,5",85000.0,Tintigny,22190.5675,85000.0,285500.0,
720,6740,34978.0,"5,4",85000.0,Etalle,25151.7017,85000.0,285500.0,
721,6741,34978.0,"5,4",85000.0,Etalle,25151.7017,85000.0,285500.0,
722,6742,34978.0,"5,4",85000.0,Etalle,25151.7017,85000.0,285500.0,
723,6743,34978.0,"5,4",85000.0,Etalle,25151.7017,85000.0,285500.0,
724,6747,34924.0,7,85000.0,Saint-Léger,23870.15082,85000.0,285500.0,
725,6750,31854.0,"7,8",85000.0,Musson,21944.93193,85000.0,285500.0,
726,6760,27464.0,"11,4",85000.0,Virton,20708.41404,85000.0,285500.0,
727,6761,27464.0,"11,4",85000.0,Virton,20708.41404,85000.0,285500.0,
728,6762,27464.0,"11,4",85000.0,Virton,20708.41404,85000.0,285500.0,
729,6767,27517.0,"10,6",85000.0,Rouvroy,20165.17642,85000.0,285500.0,
730,6769,28696.0,"10,3",85000.0,Meix-devant-Virton,20757.42142,85000.0,285500.0,
731,6780,37226.0,"6,1",81000.0,Messancy,26005.45424,81000.0,418125.0,228500.0
732,6781,37226.0,"6,1",81000.0,Messancy,26005.45424,81000.0,418125.0,228500.0
733,6782,37226.0,"6,1",81000.0,Messancy,26005.45424,81000.0,418125.0,228500.0
734,6790,30250.0,"10,7",81000.0,Aubange,19407.48508,81000.0,418125.0,228500.0
735,6791,30250.0,"10,7",81000.0,Aubange,19407.48508,81000.0,418125.0,228500.0
736,6792,30250.0,"10,7",81000.0,Aubange,19407.48508,81000.0,418125.0,228500.0
737,6800,28589.0,9,84000.0,Libramont-Chevigny,21089.33289,84000.0,247500.0,186450.0
738,6810,27935.0,9,85000.0,Chiny,20395.78357,85000.0,285500.0,
739,6811,27935.0,9,85000.0,Chiny,20395.78357,85000.0,285500.0,
740,6812,27935.0,9,85000.0,Chiny,20395.78357,85000.0,285500.0,
741,6813,27935.0,9,85000.0,Chiny,20395.78357,85000.0,285500.0,
742,6820,24938.0,"12,7",85000.0,Florenville,19561.17083,85000.0,285500.0,
743,6821,24938.0,"12,7",85000.0,Florenville,19561.17083,85000.0,285500.0,
744,6823,24938.0,"12,7",85000.0,Florenville,19561.17083,85000.0,285500.0,
745,6824,24938.0,"12,7",85000.0,Florenville,19561.17083,85000.0,285500.0,
746,6830,24705.0,15,84000.0,Bouillon,19295.62355,84000.0,247500.0,186450.0
747,6831,24705.0,15,84000.0,Bouillon,19295.62355,84000.0,247500.0,186450.0
748,6832,24705.0,15,84000.0,Bouillon,19295.62355,84000.0,247500.0,186450.0
749,6833,24705.0,15,84000.0,Bouillon,19295.62355,84000.0,247500.0,186450.0
750,6834,24705.0,15,84000.0,Bouillon,19295.62355,84000.0,247500.0,186450.0
751,6836,24705.0,15,84000.0,Bouillon,19295.62355,84000.0,247500.0,186450.0
752,6838,24705.0,15,84000.0,Bouillon,19295.62355,84000.0,247500.0,186450.0
753,6840,28691.0,"9,8",84000.0,Neufchâteau,20482.36483,84000.0,247500.0,186450.0
754,6850,26658.0,"10,9",84000.0,Paliseul,19687.83136,84000.0,247500.0,186450.0
755,6851,26658.0,"10,9",84000.0,Paliseul,19687.83136,84000.0,247500.0,186450.0
756,6852,26658.0,"10,9",84000.0,Paliseul,19687.83136,84000.0,247500.0,186450.0
757,6853,26658.0,"10,9",84000.0,Paliseul,19687.83136,84000.0,247500.0,186450.0
758,6856,26658.0,"10,9",84000.0,Paliseul,19687.83136,84000.0,247500.0,186450.0
759,6860,32384.0,"5,5",84000.0,Léglise,21807.46163,84000.0,247500.0,186450.0
760,6870,26357.0,"11,7",84000.0,Saint-Hubert,19631.24762,84000.0,247500.0,186450.0
761,6880,26463.0,"11,4",84000.0,Bertrix,19526.47381,84000.0,247500.0,186450.0
762,6887,26888.0,"12,1",84000.0,Herbeumont,19938.09603,84000.0,247500.0,186450.0
763,6890,28079.0,"7,1",84000.0,Libin,21028.88406,84000.0,247500.0,186450.0
764,6900,26443.0,"9,8",83000.0,Marche-en-Famenne,20448.9388,83000.0,223750.0,163000.0
765,6920,26609.0,"11,1",84000.0,Wellin,20557.44766,84000.0,247500.0,186450.0
766,6921,26609.0,"11,1",84000.0,Wellin,20557.44766,84000.0,247500.0,186450.0
767,6922,26609.0,"11,1",84000.0,Wellin,20557.44766,84000.0,247500.0,186450.0
768,6924,26609.0,"11,1",84000.0,Wellin,20557.44766,84000.0,247500.0,186450.0
769,6927,26993.0,"9,6",84000.0,Tellin,21055.51317,84000.0,247500.0,186450.0
770,6929,25585.0,"11,3",84000.0,Daverdisse,18645.87814,84000.0,247500.0,186450.0
771,6940,26277.0,"10,5",83000.0,Durbuy,20035.9035,83000.0,223750.0,163000.0
772,6941,26277.0,"10,5",83000.0,Durbuy,20035.9035,83000.0,223750.0,163000.0
773,6950,27389.0,"8,3",83000.0,Nassogne,20547.46246,83000.0,223750.0,163000.0
774,6951,27389.0,"8,3",83000.0,Nassogne,20547.46246,83000.0,223750.0,163000.0
775,6952,27389.0,"8,3",83000.0,Nassogne,20547.46246,83000.0,223750.0,163000.0
776,6953,27389.0,"8,3",83000.0,Nassogne,20547.46246,83000.0,223750.0,163000.0
777,6960,28508.0,"8,5",83000.0,Manhay,20991.92208,83000.0,223750.0,163000.0
778,6970,29283.0,"6,8",83000.0,Tenneville,21231.93329,83000.0,223750.0,163000.0
779,6971,29283.0,"6,8",83000.0,Tenneville,21231.93329,83000.0,223750.0,163000.0
780,6972,29283.0,"6,8",83000.0,Tenneville,21231.93329,83000.0,223750.0,163000.0
781,6980,26190.0,"11,5",83000.0,La Roche-en-Ardenne,20292.40274,83000.0,223750.0,163000.0
782,6982,26190.0,"11,5",83000.0,La Roche-en-Ardenne,20292.40274,83000.0,223750.0,163000.0
783,6983,26190.0,"11,5",83000.0,La Roche-en-Ardenne,20292.40274,83000.0,223750.0,163000.0
784,6984,26190.0,"11,5",83000.0,La Roche-en-Ardenne,20292.40274,83000.0,223750.0,163000.0
785,6986,26190.0,"11,5",83000.0,La Roche-en-Ardenne,20292.40274,83000.0,223750.0,163000.0
786,6987,26909.0,"8,6",83000.0,Rendeux,20077.89013,83000.0,223750.0,163000.0
787,6990,26198.0,"10,6",83000.0,Hotton,19392.99776,83000.0,223750.0,163000.0
788,6997,26801.0,"9,4",83000.0,Erezée,20967.28604,83000.0,223750.0,163000.0
789,7000,25159.0,"16,5",53000.0,Mons,18999.99231,53000.0,257250.0,172626.75
790,7010,25159.0,"16,5",53000.0,Mons,18999.99231,53000.0,257250.0,172626.75
791,7011,25159.0,"16,5",53000.0,Mons,18999.99231,53000.0,257250.0,172626.75
792,7012,25159.0,"16,5",53000.0,Mons,18999.99231,53000.0,257250.0,172626.75
793,7020,25159.0,"16,5",53000.0,Mons,18999.99231,53000.0,257250.0,172626.75
794,7021,25159.0,"16,5",53000.0,Mons,18999.99231,53000.0,257250.0,172626.75
795,7022,25159.0,"16,5",53000.0,Mons,18999.99231,53000.0,257250.0,172626.75
796,7024,25159.0,"16,5",53000.0,Mons,18999.99231,53000.0,257250.0,172626.75
797,7030,25159.0,"16,5",53000.0,Mons,18999.99231,53000.0,257250.0,172626.75
798,7031,25159.0,"16,5",53000.0,Mons,18999.99231,53000.0,257250.0,172626.75
799,7032,25159.0,"16,5",53000.0,Mons,18999.99231,53000.0,257250.0,172626.75
800,7033,25159.0,"16,5",53000.0,Mons,18999.99231,53000.0,257250.0,172626.75
801,7034,25159.0,"16,5",53000.0,Mons,18999.99231,53000.0,257250.0,172626.75
802,7040,28533.0,"7,6",53000.0,Quévy,22461.89545,53000.0,257250.0,172626.75
803,7041,28533.0,"7,6",53000.0,Quévy,22461.89545,53000.0,257250.0,172626.75
804,7050,32045.0,"4,7",53000.0,Jurbise,23759.73358,53000.0,257250.0,172626.75
805,7060,27757.0,"9,4",55000.0,Soignies,20734.23283,55000.0,326250.0,182750.0
806,7061,27757.0,"9,4",55000.0,Soignies,20734.23283,55000.0,326250.0,182750.0
807,7062,27757.0,"9,4",55000.0,Soignies,20734.23283,55000.0,326250.0,182750.0
808,7063,27757.0,"9,4",55000.0,Soignies,20734.23283,55000.0,326250.0,182750.0
809,7070,27915.0,"8,9",55000.0,Le Roeulx,22470.65296,55000.0,326250.0,182750.0
810,7080,24262.0,"15,4",53000.0,Frameries,18275.62845,53000.0,257250.0,172626.75
811,7090,27693.0,9,55000.0,Braine-le-Comte,21819.85349,55000.0,326250.0,182750.0
812,7100,23632.0,17,58000.0,La Louvière,17456.49619,58000.0,252750.0,130875.0
813,7110,23632.0,17,58000.0,La Louvière,17456.49619,58000.0,252750.0,130875.0
814,7120,27433.0,"10,8",58000.0,Estinnes,21482.94242,58000.0,252750.0,130875.0
815,7130,25052.0,"13,2",58000.0,Binche,19513.77495,58000.0,252750.0,130875.0
816,7131,25052.0,"13,2",58000.0,Binche,19513.77495,58000.0,252750.0,130875.0
817,7133,25052.0,"13,2",58000.0,Binche,19513.77495,58000.0,252750.0,130875.0
818,7134,25052.0,"13,2",58000.0,Binche,19513.77495,58000.0,252750.0,130875.0
819,7140,24732.0,"12,8",58000.0,Morlanwelz,19179.1196,58000.0,252750.0,130875.0
820,7141,24732.0,"12,8",58000.0,Morlanwelz,19179.1196,58000.0,252750.0,130875.0
821,7160,24779.0,"11,9",52000.0,Chapelle-lez-Herlaimont,19186.41428,52000.0,278375.0,128125.0
822,7170,24184.0,"14,5",55000.0,Manage,17839.69169,55000.0,326250.0,182750.0
823,7180,28228.0,"8,8",55000.0,Seneffe,23694.67567,55000.0,326250.0,182750.0
824,7181,28228.0,"8,8",55000.0,Seneffe,23694.67567,55000.0,326250.0,182750.0
825,7190,27538.0,"8,1",55000.0,Ecaussinnes,21138.95448,55000.0,326250.0,182750.0
826,7191,27538.0,"8,1",55000.0,Ecaussinnes,21138.95448,55000.0,326250.0,182750.0
827,7300,22992.0,"18,2",53000.0,Boussu,16725.21389,53000.0,257250.0,172626.75
828,7301,22992.0,"18,2",53000.0,Boussu,16725.21389,53000.0,257250.0,172626.75
829,7320,25843.0,"11,1",51000.0,Bernissart,19804.04498,51000.0,280225.0,197812.5
830,7321,25843.0,"11,1",51000.0,Bernissart,19804.04498,51000.0,280225.0,197812.5
831,7322,25843.0,"11,1",51000.0,Bernissart,19804.04498,51000.0,280225.0,197812.5
832,7330,25983.0,"12,2",53000.0,Saint-Ghislain,20602.95426,53000.0,257250.0,172626.75
833,7331,25983.0,"12,2",53000.0,Saint-Ghislain,20602.95426,53000.0,257250.0,172626.75
834,7332,25983.0,"12,2",53000.0,Saint-Ghislain,20602.95426,53000.0,257250.0,172626.75
835,7333,25983.0,"12,2",53000.0,Saint-Ghislain,20602.95426,53000.0,257250.0,172626.75
836,7334,25983.0,"12,2",53000.0,Saint-Ghislain,20602.95426,53000.0,257250.0,172626.75
837,7340,22351.0,"20,1",53000.0,Colfontaine,15937.57396,53000.0,257250.0,172626.75
838,7350,24892.0,"13,3",53000.0,Hensies,19068.82444,53000.0,257250.0,172626.75
839,7370,24034.0,"15,5",53000.0,Dour,18035.8905,53000.0,257250.0,172626.75
840,7380,23091.0,"19,7",53000.0,Quiévrain,17493.20281,53000.0,257250.0,172626.75
841,7382,23091.0,"19,7",53000.0,Quiévrain,17493.20281,53000.0,257250.0,172626.75
842,7387,27493.0,"8,8",53000.0,Honnelles,21915.57729,53000.0,257250.0,172626.75
843,7390,22621.0,"18,2",53000.0,Quaregnon,16490.87538,53000.0,257250.0,172626.75
844,7500,25758.0,"13,4",57000.0,Tournai,20676.3471,57000.0,277500.0,161875.0
845,7501,25758.0,"13,4",57000.0,Tournai,20676.3471,57000.0,277500.0,161875.0
846,7502,25758.0,"13,4",57000.0,Tournai,20676.3471,57000.0,277500.0,161875.0
847,7503,25758.0,"13,4",57000.0,Tournai,20676.3471,57000.0,277500.0,161875.0
848,7504,25758.0,"13,4",57000.0,Tournai,20676.3471,57000.0,277500.0,161875.0
849,7506,25758.0,"13,4",57000.0,Tournai,20676.3471,57000.0,277500.0,161875.0
850,7520,25758.0,"13,4",57000.0,Tournai,20676.3471,57000.0,277500.0,161875.0
851,7521,25758.0,"13,4",57000.0,Tournai,20676.3471,57000.0,277500.0,161875.0
852,7522,25758.0,"13,4",57000.0,Tournai,20676.3471,57000.0,277500.0,161875.0
853,7530,25758.0,"13,4",57000.0,Tournai,20676.3471,57000.0,277500.0,161875.0
854,7531,25758.0,"13,4",57000.0,Tournai,20676.3471,57000.0,277500.0,161875.0
855,7532,25758.0,"13,4",57000.0,Tournai,20676.3471,57000.0,277500.0,161875.0
856,7533,25758.0,"13,4",57000.0,Tournai,20676.3471,57000.0,277500.0,161875.0
857,7534,25758.0,"13,4",57000.0,Tournai,20676.3471,57000.0,277500.0,161875.0
858,7536,25758.0,"13,4",57000.0,Tournai,20676.3471,57000.0,277500.0,161875.0
859,7538,25758.0,"13,4",57000.0,Tournai,20676.3471,57000.0,277500.0,161875.0
860,7540,25758.0,"13,4",57000.0,Tournai,20676.3471,57000.0,277500.0,161875.0
861,7542,25758.0,"13,4",57000.0,Tournai,20676.3471,57000.0,277500.0,161875.0
862,7543,25758.0,"13,4",57000.0,Tournai,20676.3471,57000.0,277500.0,161875.0
863,7548,25758.0,"13,4",57000.0,Tournai,20676.3471,57000.0,277500.0,161875.0
864,7600,25309.0,"11,8",57000.0,Péruwelz,19194.93706,57000.0,277500.0,161875.0
865,7601,25309.0,"11,8",57000.0,Péruwelz,19194.93706,57000.0,277500.0,161875.0
866,7602,25309.0,"11,8",57000.0,Péruwelz,19194.93706,57000.0,277500.0,161875.0
867,7603,25309.0,"11,8",57000.0,Péruwelz,19194.93706,57000.0,277500.0,161875.0
868,7604,25309.0,"11,8",57000.0,Péruwelz,19194.93706,57000.0,277500.0,161875.0
869,7608,25309.0,"11,8",57000.0,Péruwelz,19194.93706,57000.0,277500.0,161875.0
870,7610,27018.0,"6,4",57000.0,Rumes,19731.2931,57000.0,277500.0,161875.0
871,7611,27018.0,"6,4",57000.0,Rumes,19731.2931,57000.0,277500.0,161875.0
872,7618,27018.0,"6,4",57000.0,Rumes,19731.2931,57000.0,277500.0,161875.0
873,7620,27424.0,"7,4",57000.0,Brunehaut,20872.84685,57000.0,277500.0,161875.0
874,7621,27424.0,"7,4",57000.0,Brunehaut,20872.84685,57000.0,277500.0,161875.0
875,7622,27424.0,"7,4",57000.0,Brunehaut,20872.84685,57000.0,277500.0,161875.0
876,7623,27424.0,"7,4",57000.0,Brunehaut,20872.84685,57000.0,277500.0,161875.0
877,7624,27424.0,"7,4",57000.0,Brunehaut,20872.84685,57000.0,277500.0,161875.0
878,7640,25552.0,"10,7",57000.0,Antoing,19277.37762,57000.0,277500.0,161875.0
879,7641,25552.0,"10,7",57000.0,Antoing,19277.37762,57000.0,277500.0,161875.0
880,7642,25552.0,"10,7",57000.0,Antoing,19277.37762,57000.0,277500.0,161875.0
881,7643,25552.0,"10,7",57000.0,Antoing,19277.37762,57000.0,277500.0,161875.0
882,7700,24738.0,"13,6",57000.0,Mouscron,17698.94746,57000.0,277500.0,161875.0
883,7711,24738.0,"13,6",57000.0,Mouscron,17698.94746,57000.0,277500.0,161875.0
884,7712,24738.0,"13,6",57000.0,Mouscron,17698.94746,57000.0,277500.0,161875.0
885,7730,26416.0,10,57000.0,Estaimpuis,20214.26382,57000.0,277500.0,161875.0
886,7740,26811.0,"8,7",57000.0,Pecq,20962.13573,57000.0,277500.0,161875.0
887,7742,26811.0,"8,7",57000.0,Pecq,20962.13573,57000.0,277500.0,161875.0
888,7743,26811.0,"8,7",57000.0,Pecq,20962.13573,57000.0,277500.0,161875.0
889,7750,28291.0,"5,6",57000.0,Mont-de-l’Enclus,21838.57062,57000.0,277500.0,161875.0
890,7760,27542.0,"7,4",57000.0,Celles,20777.2791,57000.0,277500.0,161875.0
891,7780,24934.0,13,57000.0,Comines-Warneton,17435.52076,57000.0,277500.0,161875.0
892,7781,24934.0,13,57000.0,Comines-Warneton,17435.52076,57000.0,277500.0,161875.0
893,7782,24934.0,13,57000.0,Comines-Warneton,17435.52076,57000.0,277500.0,161875.0
894,7783,24934.0,13,57000.0,Comines-Warneton,17435.52076,57000.0,277500.0,161875.0
895,7784,24934.0,13,57000.0,Comines-Warneton,17435.52076,57000.0,277500.0,161875.0
896,7800,27317.0,"8,5",51000.0,Ath,22246.93724,51000.0,280225.0,197812.5
897,7801,27317.0,"8,5",51000.0,Ath,22246.93724,51000.0,280225.0,197812.5
898,7802,27317.0,"8,5",51000.0,Ath,22246.93724,51000.0,280225.0,197812.5
899,7803,27317.0,"8,5",51000.0,Ath,22246.93724,51000.0,280225.0,197812.5
900,7804,27317.0,"8,5",51000.0,Ath,22246.93724,51000.0,280225.0,197812.5
901,7810,27317.0,"8,5",51000.0,Ath,22246.93724,51000.0,280225.0,197812.5
902,7811,27317.0,"8,5",51000.0,Ath,22246.93724,51000.0,280225.0,197812.5
903,7812,27317.0,"8,5",51000.0,Ath,22246.93724,51000.0,280225.0,197812.5
904,7822,27317.0,"8,5",51000.0,Ath,22246.93724,51000.0,280225.0,197812.5
905,7823,27317.0,"8,5",51000.0,Ath,22246.93724,51000.0,280225.0,197812.5
906,7830,29855.0,"5,8",51000.0,Silly,25049.15627,51000.0,280225.0,197812.5
907,7850,28203.0,"8,7",51000.0,Enghien,22470.77089,51000.0,280225.0,197812.5
908,7860,26402.0,"10,8",51000.0,Lessines,20015.87648,51000.0,280225.0,197812.5
909,7861,26402.0,"10,8",51000.0,Lessines,20015.87648,51000.0,280225.0,197812.5
910,7862,26402.0,"10,8",51000.0,Lessines,20015.87648,51000.0,280225.0,197812.5
911,7863,26402.0,"10,8",51000.0,Lessines,20015.87648,51000.0,280225.0,197812.5
912,7864,26402.0,"10,8",51000.0,Lessines,20015.87648,51000.0,280225.0,197812.5
913,7866,26402.0,"10,8",51000.0,Lessines,20015.87648,51000.0,280225.0,197812.5
914,7870,29018.0,"6,2",53000.0,Lens,21246.35909,53000.0,257250.0,172626.75
915,7880,27778.0,"7,7",51000.0,Flobecq,22594.06317,51000.0,280225.0,197812.5
916,7890,28244.0,"6,5",51000.0,Ellezelles,22727.10111,51000.0,280225.0,197812.5
917,7900,26944.0,"9,6",57000.0,Leuze-en-Hainaut,20641.60056,57000.0,277500.0,161875.0
918,7901,26944.0,"9,6",57000.0,Leuze-en-Hainaut,20641.60056,57000.0,277500.0,161875.0
919,7903,26944.0,"9,6",57000.0,Leuze-en-Hainaut,20641.60056,57000.0,277500.0,161875.0
920,7904,26944.0,"9,6",57000.0,Leuze-en-Hainaut,20641.60056,57000.0,277500.0,161875.0
921,7906,26944.0,"9,6",57000.0,Leuze-en-Hainaut,20641.60056,57000.0,277500.0,161875.0
922,7910,28021.0,"6,6",51000.0,Frasnes-lez-Anvaing,22036.0055,51000.0,280225.0,197812.5
923,7911,28021.0,"6,6",51000.0,Frasnes-lez-Anvaing,22036.0055,51000.0,280225.0,197812.5
924,7912,28021.0,"6,6",51000.0,Frasnes-lez-Anvaing,22036.0055,51000.0,280225.0,197812.5
925,7940,27931.0,"7,5",51000.0,Brugelette,21211.93356,51000.0,280225.0,197812.5
926,7941,27931.0,"7,5",51000.0,Brugelette,21211.93356,51000.0,280225.0,197812.5
927,7942,27931.0,"7,5",51000.0,Brugelette,21211.93356,51000.0,280225.0,197812.5
928,7943,27931.0,"7,5",51000.0,Brugelette,21211.93356,51000.0,280225.0,197812.5
929,7950,27965.0,"7,3",51000.0,Chièvres,21059.61266,51000.0,280225.0,197812.5
930,7951,27965.0,"7,3",51000.0,Chièvres,21059.61266,51000.0,280225.0,197812.5
931,7970,26785.0,"8,1",51000.0,Beloeil,20480.70735,51000.0,280225.0,197812.5
932,7971,26785.0,"8,1",51000.0,Beloeil,20480.70735,51000.0,280225.0,197812.5
933,7972,26785.0,"8,1",51000.0,Beloeil,20480.70735,51000.0,280225.0,197812.5
934,7973,26785.0,"8,1",51000.0,Beloeil,20480.70735,51000.0,280225.0,197812.5
935,8000,28757.0,"6,6",31000.0,Bruges,24012.69466,31000.0,467125.0,311000.0
936,8020,30237.0,5,31000.0,Oostkamp,24335.69392,31000.0,467125.0,311000.0
937,8200,28757.0,"6,6",31000.0,Bruges,24012.69466,31000.0,467125.0,311000.0
938,8210,30136.0,"4,4",31000.0,Zedelgem,24017.8458,31000.0,467125.0,311000.0
939,8211,30136.0,"4,4",31000.0,Zedelgem,24017.8458,31000.0,467125.0,311000.0
940,8300,28421.0,"8,5",31000.0,Knokke-Heist,32644.49713,31000.0,467125.0,311000.0
941,8301,28421.0,"8,5",31000.0,Knokke-Heist,32644.49713,31000.0,467125.0,311000.0
942,8310,28757.0,"6,6",31000.0,Bruges,24012.69466,31000.0,467125.0,311000.0
943,8340,29827.0,"5,9",31000.0,Damme,24212.90796,31000.0,467125.0,311000.0
944,8370,26027.0,"8,1",31000.0,Blankenberge,22262.43373,31000.0,467125.0,311000.0
945,8377,30170.0,"5,7",31000.0,Zuienkerke,24989.75832,31000.0,467125.0,311000.0
946,8380,28757.0,"6,6",31000.0,Bruges,24012.69466,31000.0,467125.0,311000.0
947,8400,25635.0,"11,1",35000.0,Ostende,21640.23754,35000.0,357125.0,206125.0
948,8420,27692.0,"7,8",35000.0,De Haan,25573.38996,35000.0,357125.0,206125.0
949,8421,27692.0,"7,8",35000.0,De Haan,25573.38996,35000.0,357125.0,206125.0
950,8430,26905.0,"7,4",35000.0,Middelkerke,23290.06867,35000.0,357125.0,206125.0
951,8431,26905.0,"7,4",35000.0,Middelkerke,23290.06867,35000.0,357125.0,206125.0
952,8432,26905.0,"7,4",35000.0,Middelkerke,23290.06867,35000.0,357125.0,206125.0
953,8433,26905.0,"7,4",35000.0,Middelkerke,23290.06867,35000.0,357125.0,206125.0
954,8434,26905.0,"7,4",35000.0,Middelkerke,23290.06867,35000.0,357125.0,206125.0
955,8450,28387.0,"6,2",35000.0,Bredene,22987.97736,35000.0,357125.0,206125.0
956,8460,29081.0,"5,8",35000.0,Oudenburg,22562.66784,35000.0,357125.0,206125.0
957,8470,29094.0,"5,7",35000.0,Gistel,22561.77039,35000.0,357125.0,206125.0
958,8480,29144.0,"5,2",35000.0,Ichtegem,21656.82519,35000.0,357125.0,206125.0
959,8490,31093.0,"4,2",31000.0,Jabbeke,25697.87069,31000.0,467125.0,311000.0
960,8500,27727.0,"9,3",34000.0,Courtrai,22332.605,34000.0,421687.5,203250.0
961,8501,27727.0,"9,3",34000.0,Courtrai,22332.605,34000.0,421687.5,203250.0
962,8510,27727.0,"9,3",34000.0,Courtrai,22332.605,34000.0,421687.5,203250.0
963,8511,27727.0,"9,3",34000.0,Courtrai,22332.605,34000.0,421687.5,203250.0
964,8520,28311.0,"6,5",34000.0,Kuurne,21667.59637,34000.0,421687.5,203250.0
965,8530,28420.0,"6,1",34000.0,Harelbeke,22098.72739,34000.0,421687.5,203250.0
966,8531,28420.0,"6,1",34000.0,Harelbeke,22098.72739,34000.0,421687.5,203250.0
967,8540,29717.0,"4,8",34000.0,Deerlijk,23178.80261,34000.0,421687.5,203250.0
968,8550,29296.0,"4,9",34000.0,Zwevegem,23131.61487,34000.0,421687.5,203250.0
969,8551,29296.0,"4,9",34000.0,Zwevegem,23131.61487,34000.0,421687.5,203250.0
970,8552,29296.0,"4,9",34000.0,Zwevegem,23131.61487,34000.0,421687.5,203250.0
971,8553,29296.0,"4,9",34000.0,Zwevegem,23131.61487,34000.0,421687.5,203250.0
972,8554,29296.0,"4,9",34000.0,Zwevegem,23131.61487,34000.0,421687.5,203250.0
973,8560,29106.0,"5,4",34000.0,Wevelgem,22379.31092,34000.0,421687.5,203250.0
974,8570,29745.0,"4,8",34000.0,Anzegem,23611.40037,34000.0,421687.5,203250.0
975,8572,29745.0,"4,8",34000.0,Anzegem,23611.40037,34000.0,421687.5,203250.0
976,8573,29745.0,"4,8",34000.0,Anzegem,23611.40037,34000.0,421687.5,203250.0
977,8580,28445.0,"5,5",34000.0,Avelgem,21999.7119,34000.0,421687.5,203250.0
978,8581,28445.0,"5,5",34000.0,Avelgem,21999.7119,34000.0,421687.5,203250.0
979,8582,28445.0,"5,5",34000.0,Avelgem,21999.7119,34000.0,421687.5,203250.0
980,8583,28445.0,"5,5",34000.0,Avelgem,21999.7119,34000.0,421687.5,203250.0
981,8587,27167.0,"8,6",34000.0,Espierres-Helchin,21560.37398,34000.0,421687.5,203250.0
982,8600,28018.0,"6,8",32000.0,Dixmude,21096.37309,32000.0,328643.75,229125.0
983,8610,28411.0,"5,2",32000.0,Kortemark,20913.27879,32000.0,328643.75,229125.0
984,8620,26113.0,"8,5",38000.0,Nieuport,23939.59548,38000.0,490875.0,246175.0
985,8630,28019.0,"7,8",38000.0,Furnes,21946.36838,38000.0,490875.0,246175.0
986,8640,27817.0,"6,4",33000.0,Vleteren,19702.51849,33000.0,351250.0,208875.0
987,8647,27900.0,"7,6",32000.0,Lo-Reninge,20427.67313,32000.0,328643.75,229125.0
988,8650,28473.0,5,32000.0,Houthulst,20338.16947,32000.0,328643.75,229125.0
989,8660,26478.0,"8,5",38000.0,La Panne,23403.63149,38000.0,490875.0,246175.0
990,8670,28208.0,"7,2",38000.0,Koksijde,29879.29762,38000.0,490875.0,246175.0
991,8680,28279.0,"5,1",32000.0,Koekelare,21435.55493,32000.0,328643.75,229125.0
992,8690,28366.0,"7,5",38000.0,Alveringem,20941.63813,38000.0,490875.0,246175.0
993,8691,28366.0,"7,5",38000.0,Alveringem,20941.63813,38000.0,490875.0,246175.0
994,8700,28345.0,"7,4",37000.0,Tielt,22347.24136,37000.0,391750.0,239074.5
995,8710,28916.0,"5,9",37000.0,Wielsbeke,21713.9073,37000.0,391750.0,239074.5
996,8720,29129.0,"5,4",37000.0,Dentergem,22469.93799,37000.0,391750.0,239074.5
997,8730,29923.0,"4,7",31000.0,Beernem,23577.01793,31000.0,467125.0,311000.0
998,8740,28800.0,"6,6",37000.0,Pittem,21535.78794,37000.0,391750.0,239074.5
999,8750,29349.0,6,37000.0,Wingene,22464.61285,37000.0,391750.0,239074.5
1000,8755,29327.0,"5,6",37000.0,Ruiselede,22614.17267,37000.0,391750.0,239074.5
1001,8760,28696.0,"6,5",37000.0,Meulebeke,21731.29027,37000.0,391750.0,239074.5
1002,8770,28535.0,"5,4",36000.0,Ingelmunster,21848.89647,36000.0,379500.0,184437.5
1003,8780,28641.0,"5,5",37000.0,Oostrozebeke,21763.61015,37000.0,391750.0,239074.5
1004,8790,28848.0,"7,1",34000.0,Waregem,22996.71723,34000.0,421687.5,203250.0
1005,8791,28848.0,"7,1",34000.0,Waregem,22996.71723,34000.0,421687.5,203250.0
1006,8792,28848.0,"7,1",34000.0,Waregem,22996.71723,34000.0,421687.5,203250.0
1007,8793,28848.0,"7,1",34000.0,Waregem,22996.71723,34000.0,421687.5,203250.0
1008,8800,27912.0,"8,2",36000.0,Roulers,21739.28718,36000.0,379500.0,184437.5
1009,8810,29572.0,"4,7",36000.0,Lichtervelde,22602.12165,36000.0,379500.0,184437.5
1010,8820,28932.0,"5,8",31000.0,Torhout,22408.73554,31000.0,467125.0,311000.0
1011,8830,29342.0,"5,3",36000.0,Hooglede,22478.51302,36000.0,379500.0,184437.5
1012,8840,28347.0,"7,2",36000.0,Staden,20668.33435,36000.0,379500.0,184437.5
1013,8850,28592.0,"6,5",37000.0,Ardooie,22123.53026,37000.0,391750.0,239074.5
1014,8851,28592.0,"6,5",37000.0,Ardooie,22123.53026,37000.0,391750.0,239074.5
1015,8860,29174.0,"4,9",34000.0,Lendelede,22608.95982,34000.0,421687.5,203250.0
1016,8870,28412.0,"6,5",36000.0,Izegem,21871.71108,36000.0,379500.0,184437.5
1017,8880,28736.0,"5,2",36000.0,Ledegem,21302.73002,36000.0,379500.0,184437.5
1018,8890,28419.0,"5,4",36000.0,Moorslede,21588.30106,36000.0,379500.0,184437.5
1019,8900,27984.0,"6,8",33000.0,Ypres,21738.95663,33000.0,351250.0,208875.0
1020,8902,27984.0,"6,8",33000.0,Ypres,21738.95663,33000.0,351250.0,208875.0
1021,8904,27984.0,"6,8",33000.0,Ypres,21738.95663,33000.0,351250.0,208875.0
1022,8906,27984.0,"6,8",33000.0,Ypres,21738.95663,33000.0,351250.0,208875.0
1023,8908,27984.0,"6,8",33000.0,Ypres,21738.95663,33000.0,351250.0,208875.0
1024,8920,28943.0,"4,8",33000.0,Langemark-Poelkapelle,21696.27889,33000.0,351250.0,208875.0
1025,8930,26279.0,"9,8",34000.0,Menin,19755.41278,34000.0,421687.5,203250.0
1026,8940,27175.0,"8,2",33000.0,Wervik,20223.2793,33000.0,351250.0,208875.0
1027,8950,27870.0,"7,4",33000.0,Heuvelland,20477.90888,33000.0,351250.0,208875.0
1028,8951,27870.0,"7,4",33000.0,Heuvelland,20477.90888,33000.0,351250.0,208875.0
1029,8952,27870.0,"7,4",33000.0,Heuvelland,20477.90888,33000.0,351250.0,208875.0
1030,8953,27870.0,"7,4",33000.0,Heuvelland,20477.90888,33000.0,351250.0,208875.0
1031,8954,27870.0,"7,4",33000.0,Heuvelland,20477.90888,33000.0,351250.0,208875.0
1032,8956,27870.0,"7,4",33000.0,Heuvelland,20477.90888,33000.0,351250.0,208875.0
1033,8957,24911.0,"10,3",33000.0,Messines,16758.86662,33000.0,351250.0,208875.0
1034,8958,27870.0,"7,4",33000.0,Heuvelland,20477.90888,33000.0,351250.0,208875.0
1035,8970,27502.0,"7,1",33000.0,Poperinge,20609.49701,33000.0,351250.0,208875.0
1036,8972,27502.0,"7,1",33000.0,Poperinge,20609.49701,33000.0,351250.0,208875.0
1037,8978,27502.0,"7,1",33000.0,Poperinge,20609.49701,33000.0,351250.0,208875.0
1038,8980,28514.0,"5,3",33000.0,Zonnebeke,21513.69809,33000.0,351250.0,208875.0
1039,9000,27371.0,"11,9",44000.0,Gand,22383.99995,44000.0,467500.0,292550.0
1040,9030,27371.0,"11,9",44000.0,Gand,22383.99995,44000.0,467500.0,292550.0
1041,9031,27371.0,"11,9",44000.0,Gand,22383.99995,44000.0,467500.0,292550.0
1042,9032,27371.0,"11,9",44000.0,Gand,22383.99995,44000.0,467500.0,292550.0
1043,9040,27371.0,"11,9",44000.0,Gand,22383.99995,44000.0,467500.0,292550.0
1044,9041,27371.0,"11,9",44000.0,Gand,22383.99995,44000.0,467500.0,292550.0
1045,9042,27371.0,"11,9",44000.0,Gand,22383.99995,44000.0,467500.0,292550.0
1046,9050,27371.0,"11,9",44000.0,Gand,22383.99995,44000.0,467500.0,292550.0
1047,9051,27371.0,"11,9",44000.0,Gand,22383.99995,44000.0,467500.0,292550.0
1048,9052,27371.0,"11,9",44000.0,Gand,22383.99995,44000.0,467500.0,292550.0
1049,9060,26995.0,"7,6",43000.0,Zelzate,20770.73768,43000.0,372687.5,223445.75
1050,9070,30895.0,"4,8",44000.0,Destelbergen,27485.21237,44000.0,467500.0,292550.0
1051,9080,31275.0,"4,8",44000.0,Lochristi,26158.7522,44000.0,467500.0,292550.0
1052,9090,31281.0,"4,7",44000.0,Melle,26368.06773,44000.0,467500.0,292550.0
1053,9100,26293.0,"11,6",46000.0,Saint-Nicolas,16256.16431,46000.0,423437.5,229020.0
1054,9111,26293.0,"11,6",46000.0,Saint-Nicolas,16256.16431,46000.0,423437.5,229020.0
1055,9112,26293.0,"11,6",46000.0,Saint-Nicolas,16256.16431,46000.0,423437.5,229020.0
1056,9120,29867.0,6,46000.0,Beveren,25078.86301,46000.0,423437.5,229020.0
1057,9130,29867.0,6,46000.0,Beveren,25078.86301,46000.0,423437.5,229020.0
1058,9140,27888.0,"8,7",46000.0,Tamise,23106.21547,46000.0,423437.5,229020.0
1059,9150,29497.0,"6,3",46000.0,Kruibeke,24111.1325,46000.0,423437.5,229020.0
1060,9160,28272.0,"8,1",46000.0,Lokeren,22306.49093,46000.0,423437.5,229020.0
1061,9170,29727.0,"6,4",46000.0,Sint-Gillis-Waas,24681.829,46000.0,423437.5,229020.0
1062,9180,30310.0,"5,6",44000.0,Moerbeke,24253.25426,44000.0,467500.0,292550.0
1063,9185,29874.0,"4,8",44000.0,Wachtebeke,23941.91588,44000.0,467500.0,292550.0
1064,9190,29369.0,"5,5",46000.0,Stekene,24095.73685,46000.0,423437.5,229020.0
1065,9200,28592.0,"6,8",42000.0,Termonde,23389.20294,42000.0,431843.0,225437.5
1066,9220,28110.0,7,42000.0,Hamme,22191.41562,42000.0,431843.0,225437.5
1067,9230,28519.0,"7,5",42000.0,Wetteren,23082.41324,42000.0,431843.0,225437.5
1068,9240,27557.0,7,42000.0,Zele,21528.97796,42000.0,431843.0,225437.5
1069,9250,30233.0,"7,3",42000.0,Waasmunster,27319.98821,42000.0,431843.0,225437.5
1070,9255,30290.0,"4,7",42000.0,Buggenhout,25258.55222,42000.0,431843.0,225437.5
1071,9260,30220.0,"4,5",42000.0,Wichelen,24475.32206,42000.0,431843.0,225437.5
1072,9270,30940.0,"4,6",42000.0,Laarne,26058.6961,42000.0,431843.0,225437.5
1073,9280,29367.0,"5,2",42000.0,Lebbeke,23525.73236,42000.0,431843.0,225437.5
1074,9290,29517.0,"6,1",42000.0,Berlare,23775.03535,42000.0,431843.0,225437.5
1075,9300,27791.0,"8,3",41000.0,Alost,22937.31966,41000.0,401868.75,223625.0
1076,9308,27791.0,"8,3",41000.0,Alost,22937.31966,41000.0,401868.75,223625.0
1077,9310,27791.0,"8,3",41000.0,Alost,22937.31966,41000.0,401868.75,223625.0
1078,9320,27791.0,"8,3",41000.0,Alost,22937.31966,41000.0,401868.75,223625.0
1079,9340,30201.0,5,41000.0,Lede,25273.48932,41000.0,401868.75,223625.0
1080,9400,28277.0,"6,8",41000.0,Ninove,22600.93626,41000.0,401868.75,223625.0
1081,9401,28277.0,"6,8",41000.0,Ninove,22600.93626,41000.0,401868.75,223625.0
1082,9402,28277.0,"6,8",41000.0,Ninove,22600.93626,41000.0,401868.75,223625.0
1083,9403,28277.0,"6,8",41000.0,Ninove,22600.93626,41000.0,401868.75,223625.0
1084,9404,28277.0,"6,8",41000.0,Ninove,22600.93626,41000.0,401868.75,223625.0
1085,9406,28277.0,"6,8",41000.0,Ninove,22600.93626,41000.0,401868.75,223625.0
1086,9420,30078.0,"4,5",41000.0,Erpe-Mere,25026.31597,41000.0,401868.75,223625.0
1087,9450,30158.0,4,41000.0,Haaltert,24603.33835,41000.0,401868.75,223625.0
1088,9451,30158.0,4,41000.0,Haaltert,24603.33835,41000.0,401868.75,223625.0
1089,9470,28330.0,"6,5",41000.0,Denderleeuw,22007.7891,41000.0,401868.75,223625.0
1090,9472,28330.0,"6,5",41000.0,Denderleeuw,22007.7891,41000.0,401868.75,223625.0
1091,9473,28330.0,"6,5",41000.0,Denderleeuw,22007.7891,41000.0,401868.75,223625.0
1092,9500,28112.0,"7,9",41000.0,Grammont,22500.29447,41000.0,401868.75,223625.0
1093,9506,28112.0,"7,9",41000.0,Grammont,22500.29447,41000.0,401868.75,223625.0
1094,9520,31036.0,"4,3",41000.0,Sint-Lievens-Houtem,25254.61177,41000.0,401868.75,223625.0
1095,9521,31036.0,"4,3",41000.0,Sint-Lievens-Houtem,25254.61177,41000.0,401868.75,223625.0
1096,9550,30466.0,"4,4",41000.0,Herzele,24727.16234,41000.0,401868.75,223625.0
1097,9551,30466.0,"4,4",41000.0,Herzele,24727.16234,41000.0,401868.75,223625.0
1098,9552,30466.0,"4,4",41000.0,Herzele,24727.16234,41000.0,401868.75,223625.0
1099,9570,30184.0,"5,5",45000.0,Lierde,24189.11191,45000.0,383750.0,229941.75
1100,9571,30184.0,"5,5",45000.0,Lierde,24189.11191,45000.0,383750.0,229941.75
1101,9572,30184.0,"5,5",45000.0,Lierde,24189.11191,45000.0,383750.0,229941.75
1102,9600,24855.0,"13,9",45000.0,Renaix,18357.30821,45000.0,383750.0,229941.75
1103,9620,30015.0,"5,5",41000.0,Zottegem,25160.86076,41000.0,401868.75,223625.0
1104,9630,30817.0,4,45000.0,Zwalin,25201.73715,45000.0,383750.0,229941.75
1105,9636,30817.0,4,45000.0,Zwalin,25201.73715,45000.0,383750.0,229941.75
1106,9660,29500.0,"4,8",45000.0,Brakel,23926.0693,45000.0,383750.0,229941.75
1107,9661,29500.0,"4,8",45000.0,Brakel,23926.0693,45000.0,383750.0,229941.75
1108,9667,30630.0,"3,8",45000.0,Horebeke,27318.29829,45000.0,383750.0,229941.75
1109,9680,30747.0,"4,1",45000.0,Maarkedal,26025.25213,45000.0,383750.0,229941.75
1110,9681,30747.0,"4,1",45000.0,Maarkedal,26025.25213,45000.0,383750.0,229941.75
1111,9688,30747.0,"4,1",45000.0,Maarkedal,26025.25213,45000.0,383750.0,229941.75
1112,9690,29559.0,"4,1",45000.0,Kluisbergen,23545.51457,45000.0,383750.0,229941.75
1113,9700,29192.0,"6,7",45000.0,Audenarde,23856.84139,45000.0,383750.0,229941.75
1114,9750,30776.0,"4,3",45000.0,Kruisem,25448.48912,45000.0,383750.0,229941.75
1115,9770,30776.0,"4,3",45000.0,Kruisem,25448.48912,45000.0,383750.0,229941.75
1116,9771,30776.0,"4,3",45000.0,Kruisem,25448.48912,45000.0,383750.0,229941.75
1117,9772,30776.0,"4,3",45000.0,Kruisem,25448.48912,45000.0,383750.0,229941.75
1118,9790,31580.0,"4,8",45000.0,Wortegem-Petegem,25586.70721,45000.0,383750.0,229941.75
1119,9800,30105.0,"5,7",44000.0,Deinze,24782.86828,44000.0,467500.0,292550.0
1120,9810,30824.0,"5,1",44000.0,Nazareth,26194.89448,44000.0,467500.0,292550.0
1121,9820,31671.0,"4,6",44000.0,Merelbeke,27277.11074,44000.0,467500.0,292550.0
1122,9830,32789.0,"7,1",44000.0,Sint-Martens-Latem,32962.0648,44000.0,467500.0,292550.0
1123,9831,32789.0,"7,1",44000.0,Sint-Martens-Latem,32962.0648,44000.0,467500.0,292550.0
1124,9840,33543.0,"3,7",44000.0,De Pinte,30605.80373,44000.0,467500.0,292550.0
1125,9850,30105.0,"5,7",44000.0,Deinze,24782.86828,44000.0,467500.0,292550.0
1126,9860,31790.0,"3,9",44000.0,Oosterzele,26535.27645,44000.0,467500.0,292550.0
1127,9870,29906.0,"5,3",44000.0,Zulte,23368.72915,44000.0,467500.0,292550.0
1128,9880,30174.0,5,44000.0,Aalter,25044.52445,44000.0,467500.0,292550.0
1129,9881,30174.0,5,44000.0,Aalter,25044.52445,44000.0,467500.0,292550.0
1130,9890,30651.0,5,44000.0,Gavere,26280.11281,44000.0,467500.0,292550.0
1131,9900,26914.0,"8,1",43000.0,Eeklo,21668.52859,43000.0,372687.5,223445.75
1132,9910,30174.0,5,44000.0,Aalter,25044.52445,44000.0,467500.0,292550.0
1133,9920,29607.0,"4,9",44000.0,Lievegem,24618.84703,44000.0,467500.0,292550.0
1134,9921,29607.0,"4,9",44000.0,Lievegem,24618.84703,44000.0,467500.0,292550.0
1135,9930,29607.0,"4,9",44000.0,Lievegem,24618.84703,44000.0,467500.0,292550.0
1136,9931,29607.0,"4,9",44000.0,Lievegem,24618.84703,44000.0,467500.0,292550.0
1137,9932,29607.0,"4,9",44000.0,Lievegem,24618.84703,44000.0,467500.0,292550.0
1138,9940,29920.0,"4,3",44000.0,Evergem,24510.91977,44000.0,467500.0,292550.0
1139,9950,29607.0,"4,9",44000.0,Lievegem,24618.84703,44000.0,467500.0,292550.0
1140,9960,30144.0,"5,5",43000.0,Assenede,24118.86925,43000.0,372687.5,223445.75
1141,9961,30144.0,"5,5",43000.0,Assenede,24118.86925,43000.0,372687.5,223445.75
1142,9968,30144.0,"5,5",43000.0,Assenede,24118.86925,43000.0,372687.5,223445.75
1143,9970,29970.0,5,43000.0,Kaprijke,24895.85827,43000.0,372687.5,223445.75
1144,9971,29970.0,5,43000.0,Kaprijke,24895.85827,43000.0,372687.5,223445.75
1145,9980,29657.0,"6,1",43000.0,Sint-Laureins,23140.73883,43000.0,372687.5,223445.75
1146,9981,29657.0,"6,1",43000.0,Sint-Laureins,23140.73883,43000.0,372687.5,223445.75
1147,9982,29657.0,"6,1",43000.0,Sint-Laureins,23140.73883,43000.0,372687.5,223445.75
1148,9988,29657.0,"6,1",43000.0,Sint-Laureins,23140.73883,43000.0,372687.5,223445.75
1149,9990,29059.0,"5,6",43000.0,Maldegem,22606.29761,43000.0,372687.5,223445.75
1150,9991,29059.0,"5,6",43000.0,Maldegem,22606.29761,43000.0,372687.5,223445.75
1151,9992,29059.0,"5,6",43000.0,Maldegem,22606.29761,43000.0,372687.5,223445.75
