,Real values,Predicted values
601,349000,331382.9981464724
509,344999,367552.8629799612
6379,349000,325516.7049062813
8290,115000,-6012.234685713134
3198,309000,168952.2395995651
11041,699000,609347.0879981408
5604,398000,407456.6995589359
2508,159000,232289.23950759086
4221,480000,279976.47928297217
12198,225000,208151.00261879817
9160,275000,220967.0704557448
6539,85000,-86741.35101417667
8898,279000,296041.2694338949
11065,249000,299012.3391868407
3882,205000,155844.69451796362
13176,295000,468953.9940379404
11987,305000,368105.9936475832
1575,399000,344734.7167245028
2135,775000,694290.1945671825
6014,449000,802201.7966855759
1596,280000,466345.05332926125
38,299000,355060.74031986203
7078,429500,472291.783705958
5752,329000,237468.05785996647
581,599000,406407.0240345666
13059,449000,569241.4612534113
828,835000,812735.7086139983
11416,315000,242854.99696990705
11956,235000,180332.62627097976
1138,1190000,1092966.0295417935
3348,219000,175802.96201250865
2711,750000,839186.355852169
5290,810000,743712.1688139748
427,440000,396441.952957066
12790,400000,329009.77283237735
8486,374000,443660.38322538836
11259,299000,315557.1053919182
7177,249000,305564.4976363062
4600,298000,323713.3498868594
5193,309000,319590.860252965
5666,895000,981330.8839233639
6313,180000,120555.35240673285
4991,349000,327441.0387825831
8756,185000,354129.2880108709
4039,295000,262686.06547297677
5306,299000,210257.4240442554
10136,235000,255126.75743454602
8445,270000,322762.1116759934
6088,2250000,1334984.363225907
403,379000,205022.0618980903
6684,695000,678564.7289210097
4750,135000,72386.17716806103
10775,375000,371310.8279651239
8273,219000,150596.9068369221
2829,625000,1004000.6068764969
9502,275000,310166.0451125166
13134,240000,279152.9345983928
7928,399000,384422.5690776726
45,299000,237931.3872886267
8210,189000,181283.20086414937
4127,650000,801331.1992448533
10827,345000,436704.60530084814
11583,375000,442832.804859291
418,350000,329323.00923571875
5192,299000,299346.9941084154
6621,159000,330988.5777480948
10487,295000,434796.9632280173
656,292000,255242.97953745967
12060,375000,351040.9464868706
12245,315000,313073.73987962806
13163,275000,293976.8822849471
40,345000,385445.079753791
123,189000,375789.9130921132
2030,749000,794246.8258159854
1419,1530000,1201314.7617147882
10309,325000,268455.4827825293
1872,1675000,1389296.5292126178
13283,217500,190597.92720660788
3993,169000,116836.99478497892
696,1149000,687094.2476189041
3470,1275000,1017553.1323244267
6281,289000,249952.03154007922
8056,335000,289781.5549496582
9082,175000,265010.34286123805
8309,256000,338639.1456097909
11652,425000,269570.4080969321
3932,299000,503733.7595156983
9676,230000,204894.02151239762
11243,470000,369349.8827040205
11676,219000,310602.14408048627
2519,230000,211306.8895824881
1220,219000,234647.7411797232
4330,229000,207375.59526318032
1695,140000,175202.63395532098
11900,535000,578493.6941488974
7220,356068,408307.1421410073
5693,2150000,1461453.4585660158
9831,575000,467809.3898376507
9735,279000,324742.9558527975
2221,333000,566800.9706481248
522,395000,346176.26849459426
2150,475000,632944.8281331342
3159,1150000,982592.9922203012
7481,519000,493635.359224554
6461,578000,711648.4091938189
9708,265000,252265.26393290117
2130,175000,126786.99758465972
3643,349000,338036.0179000405
896,499000,513884.468067574
2917,155000,110633.57627928688
1083,360000,436961.92681233503
10598,475000,491616.6768000801
8092,415000,363650.00960456405
5271,639000,735316.8411709811
4299,425000,298777.4364212572
12801,725000,437288.3256096907
10421,649000,468900.17501758144
7301,1650000,1186486.1625932695
619,349000,345304.6815018787
3893,280000,161076.4641901771
2047,679000,597376.9545400852
6229,299000,252927.6676664717
5036,246000,479426.9993812727
352,299000,297250.0638683664
12626,925000,667856.0439518862
9570,275000,413033.53843555634
8085,399000,620583.0414989513
3171,549000,545451.6340680873
12096,229000,348684.4169185578
5565,309000,458951.7101598307
9203,1695000,748934.77996656
6437,469000,554160.8560821611
8612,799000,787427.3888475157
8567,560000,636537.5171541919
10718,660000,638844.029448537
2426,295000,136008.96738798718
9005,669000,598353.9688894402
9258,195000,224882.34632873646
291,269000,254801.0425466715
4020,230000,254263.83143476915
1291,365000,407401.71794108604
7114,1495000,1141561.7502313317
2400,799000,813346.1254330289
5712,464000,420961.89023317304
2538,310000,333148.45505924395
1404,429000,345240.88961823087
1206,155000,84315.58547701978
6502,1175000,890906.5923804449
3760,585000,1151801.3165135465
2098,458000,495133.5496611342
10431,225000,395811.7613350556
6329,245000,219970.80271657722
6080,1150000,1437706.8320384428
1024,420000,463310.50430739677
4207,350000,235326.89400547105
2118,438000,586757.6088508833
2111,280000,440892.77552213223
7839,489000,456869.8182179882
10977,215000,208075.02694625402
2124,295000,382967.77934966836
369,1350000,1042774.1721083615
1113,1395000,1030756.8054261317
2916,1050000,619436.8940054083
5064,299000,334947.94057834375
12213,249000,280436.1258300764
12938,595000,516766.59689334955
4701,479000,548890.6935196475
9208,225000,210454.75815715562
4394,250000,226708.22694401586
3031,389000,493582.37560563046
6220,239000,376779.5921354073
12460,295000,306838.0343762876
12490,325000,364769.1534453592
7033,199000,277677.56411229825
1437,155000,143295.27479321533
3111,525000,575904.4291099777
7619,340000,381138.2673027772
11198,450000,346394.58380494174
12543,275000,295686.50135447097
159,495000,523601.14465746086
8989,545000,727273.9599027878
3098,399000,545261.9295895754
2814,429000,482996.2248632146
2923,2265000,1294972.3324987406
2984,350000,418634.59735591564
12660,220000,294112.13939732185
5821,199000,266747.07153774536
12220,260000,424569.88125450053
490,220000,141715.25033356634
12692,475000,408849.53539030626
3577,288000,341331.9886525647
9801,295000,378750.0662871004
4425,349000,364385.1210709813
3866,649000,505348.6465700673
1528,349000,540873.7703931408
8728,419000,346163.35802062147
8381,130000,4245.570296020131
6752,199000,231711.05909882276
9603,235000,157254.3642993858
5819,185000,257666.26955393562
12083,315000,256618.9009668907
9235,165000,111689.23428027757
1294,690000,736748.2115821426
12860,269000,322637.61225875025
10650,225000,304152.88236095966
12145,595000,660893.3394226904
4132,725000,466525.5221305286
12777,315000,348960.59516993526
2832,650000,427515.7893501056
2852,199000,349235.4265995595
4287,295000,361387.9488093883
3611,319000,492570.86155009153
6726,89000,70833.40124924132
1300,205000,175532.07518235297
10205,685000,677417.2476574181
13377,309000,222373.09410362484
11268,375000,377654.43174616306
5318,189000,175530.9349278789
6533,1595000,1816792.0625568908
11667,259000,348718.2366532212
5747,160000,225918.2442502313
12697,234000,297214.1598629671
11762,280000,296007.8769467681
685,495000,726025.868438736
4025,249000,228513.19883979045
1646,419000,578407.3876163847
12942,645000,301068.5572693852
10909,535000,551404.3226053361
7022,495000,771908.3025069545
2106,1375000,1131485.5390737068
634,395000,392866.5671450826
665,179000,185234.8855896105
11426,270000,277237.0005660176
544,139000,127399.9334996707
5975,289000,311124.4080213156
13236,595000,395323.09912564803
2570,675000,973497.1541240402
10156,299000,284232.9206426452
3997,175000,29518.51228433411
1743,449000,567554.3751605161
3099,399000,451685.98844154394
12132,495000,631685.541503646
8285,451200,360858.41264569137
4605,300000,326449.04143407097
8289,109000,176491.0488536359
9157,259000,379514.56983709213
8060,344000,477312.2589889114
11703,219000,268580.2080834027
3257,479000,828882.4835956818
3,190000,219431.35818492336
11863,249000,261853.5741358084
10907,435000,400561.59316981456
6137,470000,618208.1843576358
3935,329000,471283.18980429904
9595,269500,225151.86885101753
10657,289000,345623.9229430898
857,329000,450606.1623821454
12030,750000,419648.6598591302
5811,149000,162449.4653278914
7056,349000,414264.68443158065
4215,249000,281924.6139164525
12255,339000,458984.64538576966
11315,475000,466283.4580809927
4296,409000,517068.31350905576
12798,550000,617954.0662840455
11998,378000,363385.5933318081
1367,499000,315636.5791385679
7704,1250000,909606.2405329128
4075,395000,219611.6016862913
5421,265000,259090.45314783847
1869,789000,843795.2531283938
7731,1690000,1084206.643480475
3945,595000,383326.2464196911
6747,199000,108415.9939694751
2207,650000,627361.2270777764
6833,398000,398174.0441398165
5015,395000,621292.348575155
3969,159000,64389.37008479994
6371,328500,529302.6835316326
10066,325000,223123.187745927
8679,425000,347733.78410000855
11478,227000,232714.25657331562
5749,929000,743529.7949221609
4819,329000,459240.59839910123
2910,270000,325622.9805171279
11434,350000,407337.17869151814
7972,175000,309931.0092680948
2323,399000,327604.4887714567
10379,250000,273426.14424247993
11241,299000,310365.9056801727
11381,500000,623523.177528532
12068,398000,306862.16058575106
5936,179000,128250.15435007674
6942,395000,498237.9150346627
5023,1050000,861509.2609068119
11769,294742,275513.5890057001
7008,240000,164842.67163968016
8051,325000,397838.9154706316
3077,329900,362138.9534817684
3831,439000,378205.41657947045
11333,245000,432667.6349381907
4865,465000,371122.1231626035
2320,389000,381815.4111800307
4061,355000,327171.84778391087
2905,747000,594023.7191060386
9564,375000,312033.8416694645
2853,245000,420893.5043655884
13036,460000,359279.86210574565
6855,470000,712178.259129716
11307,315000,340985.4037049288
12531,249000,292282.61320584675
7904,649000,438251.08969533566
4286,289000,264586.94272405084
2907,239000,276944.7264176738
155,399000,666841.4255969983
9373,529000,724003.2045847662
5746,99000,116399.15039481781
118,428000,388647.45550749294
5827,249000,250850.08581060873
7476,474000,372741.64843261574
362,995000,918314.0359532594
10399,545000,469306.95770100114
8730,625000,692216.0833081261
4860,447000,480564.44683165115
4876,525000,598771.6291459333
2945,435000,380082.15009207174
1799,269000,463074.544368019
7129,215000,229526.76863935258
142,795000,658054.4919785681
3678,249000,238021.46900014597
3390,375000,345557.7077189554
910,489900,442110.9536484383
1337,218000,239402.73582746048
3541,465000,503756.90525009955
8109,456700,320421.446720453
12835,229990,404649.40360890736
1319,975000,959530.299885754
1068,595000,571175.0998417435
10877,399000,467466.49720083136
4642,495000,529137.8710530039
4580,115000,144521.53744444984
11957,235000,231465.1399099536
2670,599000,477401.153251501
2986,368000,447743.11120203836
4889,598000,647008.0706746068
8884,230000,387176.0904330447
11160,247000,399720.1607146823
7505,1250000,795207.3736971449
12476,395000,423497.3094063238
6410,419500,575663.2894743929
13300,225000,96331.58837086201
4114,550000,549214.1443069212
12457,275000,458005.2425322718
7924,369000,540208.6177742931
2040,319000,302507.89028081985
13293,300000,316864.56600864045
6864,495000,604530.541142795
6056,749000,1014036.4709083885
8954,399000,357781.10020039085
4204,419000,265361.8057522458
9778,469000,551837.5117054449
10380,345000,431398.71702894155
6481,725000,976421.6714453207
4703,495000,695784.4969177685
2596,225000,257507.88425112123
655,290000,234557.79374094147
8438,260000,245632.1227091987
4101,498000,368914.31937920605
3127,699000,632316.1116409783
11010,345000,305924.14889036416
3616,465000,582099.8469642168
7719,485000,500916.06805286586
11390,615000,676446.2294857556
10912,665000,640056.6904749607
5929,149900,63181.68520854565
13288,575000,521733.9048660037
6963,485000,457332.23062812735
4259,695000,798627.9677558898
4360,180000,140633.71153288923
7874,365000,400998.43389070994
2394,1315000,1124604.7702611021
11363,349000,355156.679690091
2181,429000,319215.17111950234
4651,395000,383921.1099621478
4479,565000,700110.8696925356
12000,385000,350306.77414868894
5649,645000,684303.7437785167
6793,285000,393937.55237176275
5770,559000,451557.63495961914
9030,1350000,1756910.0430700828
7073,410000,532788.1775630355
6189,79900,153571.8342540316
12941,615000,343148.28620379785
5578,346000,421058.1350717942
4778,225000,281213.06785387394
11104,259000,440523.75358393026
12003,395000,333073.20653616806
11342,259000,422292.5341922988
5510,145000,198234.1701213816
13341,449000,329214.2127372031
2904,499000,464937.4207761391
6576,399000,659189.7380552569
6578,599000,492248.63406822906
1740,1080000,929370.8013857543
8221,830000,622711.1301903735
12199,225625,278315.77336180443
130,235000,258919.2614494977
2751,149000,283919.6565470651
4098,485000,646341.9446336223
300,299500,265973.0990978319
3274,255000,334089.31210514664
10227,229000,408944.496375842
10971,210000,281688.7032704826
4125,635000,577655.6665556272
11045,785000,648646.87600883
9332,379000,571684.8798800983
7334,75000,169414.8936921109
7867,277000,313752.6396276922
4347,149000,69682.38922979077
11901,549000,693543.9838599635
3509,314900,288726.0432913413
11250,229000,174275.5107242763
5883,295000,292780.7351774146
3624,797000,923132.2181962496
13321,210000,288189.4943539164
4033,279000,426477.5389649819
3595,495000,640089.9574129222
12385,235000,317377.7296021899
9136,299000,536260.570890114
2062,129000,24722.740527235554
1669,1700000,1520721.6909568962
2285,295000,227328.93045490282
6511,1495000,907900.3833623983
10274,459000,648646.87600883
5295,1290000,659057.914235046
11518,225000,249039.14775442294
1794,134500,119976.10750999418
8985,519000,508317.61763815983
12364,359000,278228.20880618674
11561,295000,186744.1360323156
12767,265000,216947.6450528436
2464,230000,290018.8726677896
7975,179000,209828.12417396894
4666,155000,176757.63747587352
563,675000,489159.7842150646
10504,225000,248095.7464771912
10766,249000,423437.6025254585
12072,269000,302567.0678188164
5647,620000,492134.060403794
8078,385000,286490.0239957619
5180,275000,316837.0297977822
353,95000,11935.367662990931
2391,356000,397632.58782097924
7617,334500,263322.0899468824
1606,149000,219521.24315349004
11074,225000,212073.39104128117
567,365000,461110.01852846204
12140,295000,330533.16975098057
2699,398000,255903.0928926679
7449,319000,278634.0159551186
12249,325000,312033.8416694645
9464,199000,221242.1722146725
4648,498500,607755.7996393144
4837,379000,410527.6342452983
11753,259000,292478.3717355159
6959,390000,401912.3031291999
10626,340000,320014.3083875375
12588,390000,477333.5206449613
9403,725000,628672.3004071706
2553,440000,465570.2592082336
9037,2400000,952887.864031536
11736,229000,352542.309329723
6528,1350000,1404137.469407346
8253,820000,748509.8438363245
11768,291000,240475.17701053352
8896,270000,308096.02607198537
7208,338857,406153.7320122171
5051,685000,553330.8996789455
12287,448000,597702.8620919536
6444,499000,573160.9577242432
4434,379000,544194.1537420063
782,399000,310664.61890088685
6438,469000,586178.164677628
2589,669000,919939.5570826778
9468,615000,726461.0221823198
9230,150000,225884.00714013958
9636,445000,460153.1495772227
1420,220000,271407.66590186325
5496,749000,542703.7449335085
6635,260000,207264.49408727943
3768,715000,701238.4164865671
8951,396600,319587.31725521036
1723,399000,304230.4190638234
9562,255000,258117.62960003866
11943,215000,269093.57841152017
787,139000,91433.78947800549
9232,159000,141904.86920498736
8782,310000,375734.710168457
3829,439000,465134.6416076055
5203,335000,330261.27600568015
7609,317000,654115.2827245648
11199,499000,275298.00066777726
3447,699000,552997.5590952933
2697,393000,541366.6663620325
4836,379000,410527.6342452983
6496,975000,952411.537345982
7465,399000,480446.7796498282
7923,357500,430607.54616721644
8909,299900,433567.1694843851
13041,599000,708540.6757296157
12583,380000,382291.6152030238
9156,249000,302721.3578466591
3542,650000,698062.9254599566
373,225000,289049.23209803784
5917,89000,50619.646206962294
4877,525000,695587.3228667751
13132,229990,376931.9603825493
4060,350000,315174.5378192222
13255,765000,554650.6027512803
11092,220000,254263.2321936206
12389,289000,302011.95854661695
95,255000,203854.38383484952
4365,192500,415261.65955209406
11432,290000,304486.2595046087
11249,229000,196203.46709666104
390,420000,399282.5600498114
2587,2200000,1638654.3457714384
2982,338500,536573.0360140144
9173,423362,289796.2662388869
2524,248000,284596.3851519598
383,165000,123267.80909571762
12417,399000,464904.91043997975
13191,330000,484134.02880483615
13235,595000,617746.6283376487
340,1050000,1079201.3788104649
8611,799000,841509.0767850731
7984,190000,257593.6116710714
4809,299000,463083.83775538596
530,460000,573404.3204181343
10326,750000,613204.8179476988
13104,825000,969753.8971523696
5375,285000,241713.53560699927
9196,795000,878104.9769388838
36,499000,668679.5897251589
2864,289000,182165.1959699518
1814,674000,539770.0483585946
2060,68000,-23.111850500514265
8987,525000,495962.459741528
9518,455000,249735.16676694227
11124,388000,585652.1820937885
7199,295000,371950.9956525896
832,349000,476378.74042142107
9457,420000,484347.0062012521
6604,550000,401454.0531085786
1273,470000,528836.7607485645
8706,375000,330982.3516479018
7367,540000,908368.5874481013
2246,399000,362753.4629315402
10405,295000,330896.70762162836
434,730000,855736.7806161481
9653,545000,506204.97144082503
11221,450000,498431.51181314205
4094,465000,651781.0541816283
1821,199000,224515.02104558
11953,230000,279387.86007996305
12802,749000,921722.5027201457
199,720000,795853.4117637519
9264,200000,62456.24249811284
2005,359000,396835.6823136156
4656,315000,338576.0231109608
2620,170000,167651.01662275766
2414,990000,1167434.135099209
5530,209900,167182.77311814425
11003,319000,365220.8493248105
2522,245000,79613.74663032632
1335,229000,287247.2264041461
4503,850000,1020424.6098632065
8946,379000,554233.4654482569
4868,475000,497241.9428091462
6422,432800,448148.4417606862
1325,540000,510040.4947112278
10045,299000,398615.6970631674
3594,439000,224225.26629091887
366,239000,230555.77240754402
8683,399000,650118.3111261501
6118,375000,662487.1159812866
13087,395000,344088.10395452444
8917,325000,381065.38449327747
2783,275000,246887.77687101945
10849,255000,324132.65914305684
9023,960000,967878.4595295463
11818,648000,422829.6652929866
11533,239000,231756.37230893195
2096,439300,348798.09266819974
3377,320000,413879.0998612457
55,369000,481300.13099407544
12634,980000,476916.5634182589
10190,490000,547826.1396585628
4926,1360000,651894.4341866126
13225,490000,559983.8728855653
11714,360000,315946.0320132117
1260,155000,77999.08592285903
7179,259000,409537.6931406537
4915,900000,968858.8986176006
11531,239000,280349.9819042243
3954,320000,488550.6738796683
10581,295000,404443.35290168703
9475,1189000,1439748.6463432058
3500,1295000,764235.5275837893
10724,289000,276241.40194500913
13211,399000,370507.5983081423
7071,399000,614692.6617567842
12998,229000,251757.13952549134
4052,319000,208754.75647622178
9353,449000,446654.973330977
11852,995000,952900.284027575
942,485000,478718.707287006
3291,535000,651516.2456931027
13323,219000,212303.30675273575
4113,549000,617351.62566275
11823,695000,438318.08547250944
1324,355000,476092.6567786686
5434,345000,208168.1938696282
1924,359000,366711.4794554797
4443,399000,365510.8494148307
11313,695000,544491.2392267069
3335,178000,195354.93508453254
12239,299000,496999.8142241638
10163,435000,495587.6095166619
618,330000,275200.0772069467
11913,259000,418092.5366441313
3619,598000,440359.3818274991
4849,399000,453211.1571774233
11171,275000,262145.55976578593
3822,239500,358075.565521951
11397,900000,634329.9001190478
6920,1150000,643870.0986927825
7971,170000,281966.077076619
7194,289000,385214.55158629984
5379,165000,190225.7449709095
2750,130000,25576.799328349123
8024,279000,244738.72698299872
8407,209000,459763.33443252894
8261,289000,279043.44976824685
1935,180000,335246.1532696836
5638,550000,525844.2170875259
12911,395000,411147.6192913252
3791,1050000,1114169.4918489044
12744,296000,250380.88363784563
12322,995000,745283.2867936268
12473,385000,420303.5551953747
8583,645000,414180.0630134681
4344,99900,128844.3790558587
9941,775000,622876.3194072221
632,369000,366743.28608195076
1944,1195000,1057825.9211622246
7628,352500,566738.2871464
5095,1095000,935009.5659622824
10659,295000,377562.8473596339
4855,429000,354421.4239803941
3412,449000,564414.2221666973
12896,339000,298254.8549652464
7044,249000,380965.37924711424
3900,945000,1011112.3279586316
10673,515000,619586.0645466135
733,229000,232718.25129080232
9899,885000,372720.249678749
2690,259000,226163.88411295315
8361,265000,308810.86349541217
11366,365000,408512.6894032044
4675,259000,415977.7309868536
8749,65000,13951.538405798085
7151,179000,33886.92076451564
9513,399000,463036.49619900674
12038,975000,703648.4836763417
12836,230000,232693.37498932317
9209,329000,426620.0426866077
9191,645000,589972.989056791
8081,395000,504895.54952895263
9703,305000,312560.08903638535
10084,750000,447210.5143197563
12223,265000,259612.38924671846
344,435000,514316.185720134
3646,465000,475534.73129504337
1332,375000,612198.983870419
3288,449000,272391.607704581
9723,285000,252831.5346046424
6966,1250000,1358094.7087464584
333,675000,614424.070032679
5879,1385000,1185159.871569008
4715,695000,1296476.975097934
12194,225000,189193.48550906446
2076,239000,213828.57398586132
9233,159000,212797.73458269238
7260,449000,357257.0934216638
388,370000,242713.9786233331
7108,850000,932062.6057330187
2173,630000,793469.5255974955
11174,287000,413080.373979536
7854,215000,405839.9048226838
11731,220000,93337.08355703915
7231,379000,474201.11387060414
13216,420000,464207.89981209685
2768,199000,102753.80444469285
6650,364000,498394.6354488485
790,215000,240349.03715371064
5545,259000,231866.80688320662
2241,335000,230246.53799698025
3441,605000,715258.2994376587
12735,250000,209328.85313706863
4962,1495000,885003.5370602347
5463,1200000,1562669.0093319865
10189,395000,460153.1495772227
9402,725000,516763.3170635504
1491,169000,101099.26096539007
11091,255000,250518.9828188284
4698,472000,593803.8755232265
4899,675000,522591.78146427835
4362,189000,240220.8659574049
8183,344000,475140.71436359256
11890,250000,323104.5199581027
474,579000,573356.249500401
9922,355000,563208.5358942032
11155,229000,338795.9379040243
4830,369000,477798.4649578915
7086,484000,545995.7919892081
11813,580000,597105.7628056143
8181,795000,720154.7501546247
9382,575000,545904.1004680835
6586,865000,738716.784598424
7059,365000,554459.3722260245
7871,325000,236216.7745171256
3534,970000,760427.8911788235
4772,210000,264343.80568369385
3184,285000,390449.897185489
3952,1980000,1155181.5216768174
5464,1295000,1155455.1646690478
11742,239000,425155.9293702552
6565,429000,444360.3427537022
244,499000,344414.64207883284
2074,229000,132852.51715935947
9775,399000,394710.196106231
3576,255000,226956.90017145738
6689,895000,732495.1604495172
10895,325000,257677.4707637195
8802,539000,402394.70037136367
7181,265000,333305.8517329574
1327,749000,791623.4051091117
2219,398000,286354.6882986566
9915,235000,217469.23179894613
6786,270000,412065.1244972411
9788,650000,358573.9598448133
6937,625000,653013.405287106
4385,239000,168850.3875582962
10267,790000,385647.517993693
12597,428000,508671.1956339795
8719,895000,701037.1404473654
2070,219000,145558.49971496157
1012,269000,278384.31119097816
4713,695000,532711.3470951114
11002,315000,398469.6724824425
1286,995000,528440.653360225
13182,299000,290212.0758438988
8649,175000,126262.11940650834
5116,40000,-32283.678829240263
129,580000,419897.43650960416
8906,297793,272281.9693782601
11252,235000,361953.8957428299
694,399000,411267.2985621686
7990,203000,422762.34996319417
6340,269000,266344.7975065972
2327,435000,316732.79821783165
2088,394000,456556.55817714735
5495,745000,780505.3109291041
1541,169000,168470.41661123023
11024,410000,369064.24621229374
10096,220000,176260.06973283325
10600,560000,424900.4521824442
6310,175000,239415.82039034495
13075,280000,270447.97261909547
2951,175000,157595.9842304659
11896,350000,312033.8416694645
6843,425000,782522.348392285
9511,539000,436704.60530084814
12462,295000,368644.52206207183
3415,459000,480645.41396590066
11672,379000,600803.7562862094
13198,345000,292985.674044778
6477,699000,1262716.0765170348
6982,615000,352687.7110584392
1527,259000,316856.4039607235
11834,995000,615717.8314623311
5667,895000,712413.2004086671
13202,385000,277613.989433212
9776,645000,368467.1469259544
6106,199000,266113.66096186405
12930,525000,330263.0079029938
33,199000,233296.25072289843
9798,298000,467311.6375221138
5008,185000,168320.405237813
6626,189000,220631.67004015145
12898,340000,490218.27853701124
5614,425000,515042.7605774492
668,249000,292117.8024172075
5033,585000,607932.5488141421
4084,420000,727396.7765675173
3070,299000,314801.119929524
3747,475000,538448.7498831715
2336,495000,385590.25556155876
4043,295000,356825.03003792174
4395,250000,572524.7523718356
3212,625000,585745.2367051863
10999,295000,256095.23132156162
131,289000,323824.7308509351
7058,355000,368330.38528472686
4226,397500,479400.3925633896
5966,265000,379283.0256041812
9897,425000,489190.6195046442
2335,485000,355022.0416775048
11773,298000,221777.78346306147
3178,349000,384103.228204572
9720,205000,223226.60113867503
9440,1825000,764335.0428155991
4815,319000,381423.2366445804
11951,230000,170533.27937692037
10252,449000,455452.7576664763
5357,305000,331732.4177759624
3660,170000,170394.886315406
3674,225000,377902.240363788
5148,199000,164948.2061757467
10350,239000,471188.22005401476
3378,325000,504025.5279812064
12121,345000,437125.5073848544
10884,445000,354644.8659447591
2609,440000,657245.3065451595
3946,625000,402095.9524004525
2667,340000,190157.11128759047
1616,349000,362168.30865128763
307,485000,472410.4734910996
1380,139000,69785.4551968454
3068,280000,262518.2286505971
4473,545000,392682.7557598867
5155,219000,196145.32092401537
7911,798000,719175.0234642514
12124,375000,315086.0756398458
7469,420000,511262.196837316
5263,584986,525672.0567583329
10516,339000,304875.3537245734
1448,695000,492965.41021296725
11262,335000,414218.345961203
4646,335000,163000.90798242053
12351,475000,306308.01136862143
5820,195000,81087.25235926325
12330,1389000,1054861.2765253833
342,165000,196890.52784291678
12289,450000,530678.6631800309
8028,289000,263916.2124211093
900,459000,352396.1248765361
1150,189000,235557.34036277034
7258,443800,327480.728844998
7034,219000,127422.15159908123
496,525000,682481.1137940893
12825,215000,156810.53149175883
6232,325000,509343.5098954655
676,185000,196853.0860269589
9851,325000,341910.1294971349
10203,400000,366212.5055412076
9290,249900,204341.65330468534
4813,319000,326597.223878697
9809,339000,421160.46868770896
1854,380000,518035.7582946022
10292,730000,584948.338834627
15,295000,364807.59670885804
12632,980000,529889.3742104529
6255,549000,497242.8209361106
1140,129000,171612.0561239586
3590,332000,346097.9667484471
6759,219000,223567.8908224865
1931,420000,414252.0307554976
4148,1075000,960351.1878852801
13330,265000,409015.55452186405
9459,549000,753002.4526075806
7504,1245000,1048493.8229980024
3586,275000,373342.2462938979
1046,235000,180782.4437180718
10466,295000,289959.7109985581
9996,425500,399568.0987757059
7986,195000,237763.16398232934
10322,245000,143925.2531909548
8382,149000,96683.84446727991
1100,510000,417031.89199084626
2835,720000,932679.3827176178
861,270000,389647.6046621726
859,697500,458376.5021795157
1971,524000,442524.9365035979
7348,595000,643228.2032807039
5972,279000,276605.6326185372
1659,269000,255036.07764534032
114,349000,291475.4673242031
4336,579000,438643.3526696733
3366,288000,335269.8969494038
7176,249000,352163.541316763
7461,395000,476188.6329432322
4591,199000,143020.8707125532
4243,139000,3299.7266175328987
577,649000,690944.4654592796
3355,239000,159527.33032928116
1132,546950,492389.77565676393
11351,280000,403989.1313464341
11019,374000,442431.395656761
2926,1650000,1013785.0777264873
1365,415000,427909.4067505932
6483,759000,1184407.1299477282
1004,399000,205795.60805051425
461,250000,491002.15467042616
6981,599000,614063.57987016
7149,165000,280826.1342732874
3523,375000,252206.93074847406
3703,325000,452312.8572175833
3618,515000,731640.5368421773
1369,555000,665288.7819082708
11000,295000,283122.5986459642
1768,369000,513815.49346878513
4051,315000,439389.56047925545
4046,299000,400899.0614766634
7999,235000,248289.88966460485
13002,229000,299241.0115360333
12776,315000,297605.78177900874
12704,224000,296234.3458583385
10143,250000,370113.0413780845
9259,195000,265670.74843411456
7630,360000,262079.07773599625
12139,245000,291311.9685162854
5869,765000,907081.4480288554
3432,550000,359005.1292432235
5049,240000,305853.61274415674
4195,345000,271703.3186515713
1892,485000,658237.9108911008
9854,295000,413063.96904743096
11001,299000,261740.80021261546
8529,445400,355839.2716898765
450,1200000,1503182.8502046482
988,1450000,1348957.505194376
10266,390000,374643.6529335467
8780,290000,320512.1688872317
8022,275000,343605.2593182519
10233,200000,331337.40298214497
5696,2195000,1210151.6656482362
13126,220000,268442.2157443537
2015,469900,442343.85530012
10398,420000,419173.6618265314
2252,550000,764728.845938846
6821,379000,547922.0085986811
107,319500,235852.0532820598
593,1395000,1557554.3983853695
1793,129000,128802.42120609776
11547,265000,250959.14165514763
8287,849000,532675.7850154536
2779,265000,140759.75481907214
2691,259000,250238.05221744283
1988,240000,194750.44881711964
7253,425000,526446.3146979958
7717,409000,398633.4986350268
1750,295000,480217.4420780739
5041,465000,502397.95347592636
7968,165000,221204.7215487553
6562,289000,467808.7900061146
3942,445000,534512.8469931671
4753,155000,137977.42816321715
11093,225000,236917.6158368393
3924,169000,139010.3884166251
2061,119000,93275.63361604471
764,149000,245813.7775480402
9387,596000,748208.85354817
7822,159900,63008.950878599135
4210,475000,466038.8526552516
9194,695000,793235.6681007604
12442,299000,299115.6070809843
1484,349000,250094.01393583012
10861,295000,465784.4673522885
13047,940000,670207.3960132089
3720,365000,636857.7479037383
12495,205000,223600.48353873866
3174,399000,457267.51795980614
482,339000,250803.7587299773
5018,230000,99580.27411051898
728,149900,188993.33174226573
9523,219000,268206.3256833392
10489,349000,303931.15023240924
838,449000,339219.3040499436
1495,235000,280251.4669581715
3852,420000,504859.6292849588
2527,259000,229180.91431208362
1297,165000,104415.85422031028
3553,479500,488264.9800254804
10557,348000,349121.75480107835
5205,335000,259217.79668988887
5213,355000,405284.0614630236
1774,397500,296140.54741286335
4870,485000,423870.5514076643
640,828000,852317.8139626078
13297,445000,388231.42414121004
5134,159000,78334.59997393453
12298,545000,652107.370473126
6727,99000,200273.66700037397
10821,315000,355185.4735173812
6512,1499000,969280.3217767468
10439,289000,251025.95461560058
8,639000,490949.9576865693
462,285000,374779.88299979613
4498,750000,594571.3585087482
3677,249000,130098.00328127964
10970,200000,242687.74121125505
10968,269000,358740.11977606866
4523,1850000,1118298.9126567761
9990,525000,679683.5435490352
10416,695000,272434.60548982094
10887,235000,266219.5188221616
5022,930000,972125.0834153839
3008,1895000,964023.7887902614
12994,980000,708694.6948329525
1106,1095000,796337.1528963281
7459,375000,626691.7206358266
10958,225000,211712.60606323695
4289,320000,410574.276803071
1787,409000,433041.82805628935
1897,195000,194265.79938765639
9884,269000,285517.8327767048
9199,895000,771843.0637031508
6271,799000,1042789.0058635995
5388,390000,571654.3452959593
9539,845000,731447.8371532671
3273,249000,694891.7826447124
5186,295000,433831.6270867308
1153,295000,284936.55092733767
941,389000,350741.64363009366
853,290000,219835.74550651305
3440,599000,450294.246092559
13366,249000,268571.04418571957
11880,450000,488787.101356787
11606,545000,536828.3413105562
9349,432100,299149.5791706046
5512,149000,106750.21967650182
3653,149000,255236.13180393504
6456,565000,643953.7129428956
822,494000,451337.2151198427
1717,1175000,782278.5471782396
285,1475000,1036319.1756935008
11043,740000,499360.3813161818
12542,275000,245802.93024966258
4966,180000,146448.12963454984
12323,995000,955256.9859839435
11704,289000,344222.6812829488
8888,245000,385343.954707625
11873,249000,313052.2062233805
9184,540000,390413.7966370615
11409,270000,206329.03246145847
4405,289000,215474.81067293393
4817,325000,543021.4672142199
11618,695000,612854.4362843747
4262,329000,265082.7731723089
2422,549000,587100.6924907966
77,1395000,707121.7520683173
3605,235000,318920.6279217922
12793,448000,524723.7678848167
6627,199000,481250.8653017403
7366,395000,410574.308839421
1716,650000,759725.2517371841
7337,345000,197940.419936276
5549,269000,428145.3654300929
2409,548000,562833.5320048342
1195,579000,853471.9174227803
7517,995000,742391.4028229067
10263,269000,240469.84380454608
2117,238000,249720.35868534743
6256,570000,649882.1987279697
1240,995000,1064810.8802513536
12752,899000,746780.8870952714
1224,325000,420372.58812560147
304,945000,739561.170658816
2664,1280000,1224480.8324860765
7616,329000,302847.24876481376
6435,460000,472692.17049407563
769,299000,238251.65777999128
731,318000,626807.7316087298
11760,275000,364438.58251741546
3797,1295000,981280.9409478542
8250,460000,278725.7791464447
5860,525000,410415.59330897266
3466,1150000,848191.9622642939
11482,325000,682770.1191280078
5163,237000,301403.8206592895
3019,1280000,1279072.5617953988
9870,699000,735742.9299202019
8634,109000,211169.61836435046
9336,390000,609506.3977507029
677,265000,565497.4779557596
13070,239000,184361.0582891396
6734,149000,61583.65891136648
9583,239000,254409.49753611287
10688,800000,621331.6599558395
9169,375000,367139.4827918531
10792,625000,637193.2952970043
6805,325000,553024.2096105372
4470,525000,572538.5816865065
10539,365000,426470.11618591915
2497,139000,175975.81575533643
91,385000,585858.7037627669
9629,590000,615717.8314623311
2726,100000,251307.0480579533
6430,449000,293378.9367381624
10709,425000,436842.1374997191
7203,300000,345051.92674961453
11521,225000,358165.77477266744
9238,169000,237420.57748307756
13068,210000,223538.35486213843
4381,229000,344303.3307067896
2482,553000,718442.2897979259
9499,245000,407557.06910906447
4934,2495000,1374252.3762617977
8868,199000,129268.23718286311
3100,425000,457359.7896064307
8180,695000,652347.9181199882
797,299000,373682.3336076789
9165,340000,804052.8057959875
757,990000,876533.2435494087
7761,175000,111751.46865014796
2771,230000,215129.40598863616
1282,449000,444081.3780969436
339,490000,511914.36395723955
3234,1150000,757195.7970121512
6530,1890000,1077891.2701764724
13215,415000,372482.75066244963
12002,395000,510537.2661026584
8771,269000,261132.24408338018
13022,319000,356734.0771836892
8490,379647,373720.21089755965
9205,1840000,783742.0966856978
9601,765000,552960.636563589
13331,299000,325514.5035481262
9793,310000,424704.9238962828
5258,574987,512359.12485498044
217,570000,608716.2839037678
11214,260000,378549.09936204174
3517,219000,140853.5632794344
3695,299000,279072.272469556
4059,349000,385240.28492519696
2183,479000,683455.7781135876
4919,1125000,935899.8189955016
1597,299500,661920.0318677648
9832,649000,468900.17501758144
13217,449000,442824.8910858497
4359,179000,237920.30979935464
7907,685000,745915.0440579804
4372,200000,146097.58380854013
12380,220000,263844.57236923144
442,799000,711185.4478115081
3904,199000,232454.52264528407
8266,575000,737432.33348252
11550,269000,261047.8377384481
1761,99000,60651.76767079218
2402,289000,248652.35164464498
13259,839000,730253.6385805884
11506,200000,229043.51898415512
7488,645000,861355.8255754877
3798,1375000,1191571.3297168124
12917,395000,293558.90314717975
10668,410000,359279.86210574565
6236,365000,347018.5909511237
3401,397000,613829.2555200178
11767,289000,321247.3412796531
9783,549500,384770.9296769142
4267,375000,363604.18400725647
9441,1950000,908169.9455793167
1486,439000,564978.5578027613
10788,475000,345517.9954881629
1407,295000,443436.96239673975
12874,295000,293421.77301274776
6891,650000,765658.3717633925
4793,265000,268274.5688880277
8049,320376,209847.86238358784
12009,449000,441224.9431528417
6227,299000,215882.98631612072
9565,445000,389559.70833744016
5171,249000,356076.5342564261
4987,319000,325231.8826903652
10986,245000,249594.25702662242
7682,597000,558594.1455235209
1964,250000,102818.24630042806
10864,325000,439092.05599495204
11365,360000,576418.0434516418
3566,1395000,746692.930033653
13329,250000,406549.4197640259
3715,359500,216807.62992562447
4131,719000,1212477.5926355203
5574,329000,210050.4684988847
170,229900,314050.83694547496
4508,985000,750612.9127431542
5823,205000,205245.94242807588
6574,699000,623917.2168674769
7922,349000,357765.31718123733
891,835000,831851.7864945636
9935,865000,376697.7321897837
2011,395000,366505.3382861145
12784,349000,354342.1573498865
9591,235000,348143.8916498199
4080,399000,274241.16241642536
1519,990000,1232784.2508491317
2007,375000,414006.3682064388
1662,349000,314449.8363219028
10211,215000,220063.6091287282
9481,129000,181141.23904395942
3545,299000,546477.581413385
7594,280000,194318.18766925382
5500,79000,-10914.027120982297
8531,448000,452895.9283090542
10899,349000,321675.6642988111
2337,535000,562263.8038130365
500,378000,566472.4928082451
7050,299000,407980.10384638933
0,740000,420704.52455480164
3666,199000,199195.133865487
8169,2450000,2960768.6155698067
406,575000,620147.2975171581
11173,285000,138642.29564266896
4364,189000,225500.0197340441
8197,435000,441239.3126749812
1621,764000,941196.6970323636
3505,185000,156973.76474373834
5123,99900,122903.11899395479
6113,175000,272082.05068652454
12313,830000,587453.7542275672
7965,159000,99879.09471724421
1615,324000,304830.4796032453
1375,149900,113672.37098400475
8521,429000,298083.2637455708
2358,235000,95216.23603077087
7980,185000,395593.30423905584
6108,289000,356919.9810155273
3699,318000,365917.7575328018
826,350000,297364.20130918757
3463,1045000,946040.02170865
6575,1045000,788621.1184866977
1085,490000,585823.0175782159
1976,495000,770029.6330898057
6019,450000,418742.12664373696
11389,595000,621444.621818244
8775,275000,327008.4749292355
2870,115000,205829.09629373922
7498,899000,1047589.4244736782
8335,450000,374706.6793483577
6957,474000,620802.7714594845
9113,590000,687747.1598003578
6470,650000,824120.0922867734
2244,379000,308461.00115699053
4816,325000,459654.25104765454
4427,359000,393794.8337003044
924,425000,375495.0710221765
3104,450000,392881.04139627924
1376,269000,266360.17757285584
7401,210000,290580.1176373211
10278,945000,744333.1154540712
367,445000,480525.66286141146
4893,649000,555576.4627001499
12910,389000,630034.8073521132
7803,299000,511995.1465023584
13224,478519,372168.4537666322
440,575000,789292.1413153969
5751,175000,10900.662982843001
1806,425000,531607.9393318687
6165,299000,383079.8501418889
9267,210000,158798.68173507578
5450,550000,596781.7978750577
1696,189000,174618.47496133443
4133,745000,566413.5359539731
9685,570000,451800.4630596528
12474,385000,638043.290462288
5521,189000,215466.73834294995
3621,649000,711724.0776408
4497,695000,846174.8310033315
6725,649000,637576.4747233938
6442,495000,640203.2797305506
125,749000,763509.1952072714
2798,334000,257627.94951746508
6474,675000,770916.827789675
11977,275000,251917.18699911973
2237,288500,332569.29481776996
3717,360000,313783.3921897344
3250,265000,642612.8509601217
886,545000,732842.4465296527
10082,550000,582921.1624443331
3851,398000,394124.6459933744
7437,275000,281341.94809456903
7170,229000,97212.98735104653
7970,169000,232076.05235293543
5411,169000,111152.98967415275
10769,325000,380765.36040603067
7514,349000,415933.70578671823
5776,59000,-46275.16381426394
2748,99000,90424.16650778736
3738,419000,456675.75743258494
12922,425000,490218.79894576524
10634,415000,227193.21957141446
11143,229000,280854.76397103444
7778,312500,511366.8043347526
11046,795000,449476.8102113733
2507,835000,1156385.5530031223
667,210000,199562.48980423066
8185,1195000,908691.7040944386
2873,395000,520985.04560609756
11321,209682,214128.62432459742
9080,795000,850825.4532284059
7158,198000,306374.1570651903
1980,469000,459469.87409066455
11383,525000,424220.7362025741
12317,895000,601400.8555725489
9379,550000,419043.6226527508
11527,229000,248205.94810708193
7025,139000,69309.91321765527
10631,379000,346712.1940608417
5144,179000,272959.535670571
8978,485000,526134.0391406515
1458,275000,248362.10860674625
8864,189000,181247.7713276751
1425,595000,627482.1163294317
6002,395000,631880.6952648906
899,349000,316667.0952176752
6630,205000,232157.03491907258
41,365000,330758.63000938797
5552,270000,318010.6197067518
7989,199500,304661.11758905527
12279,399000,408491.5556052901
5634,525000,748118.50599137
6608,359000,412642.1026910118
5558,295000,438546.91212478414
7111,875000,929809.3377975472
4786,249000,155531.86328602012
5812,149000,515313.848100536
7264,450000,432809.39885203756
2288,395000,841913.3861260198
12192,219900,294141.3299846938
12236,289900,284880.93769833026
11602,480180,660159.5052092427
8000,239000,262660.47014508786
7396,459000,426067.63246587047
10662,330000,382878.5161853607
12507,219000,88376.73551081365
10418,209000,262479.53532742633
3974,365000,290253.6061842658
8047,313000,266553.6954079083
10291,730000,488132.6451137852
5196,325000,262688.73711962963
9512,205000,275459.9140637577
10830,355000,406638.9559323056
747,298000,361682.8876317467
1277,945000,959378.5453362786
9805,425000,325406.6140670825
12951,895000,684298.7520258
1415,595000,1024943.168671059
12125,425000,319091.9607324882
11136,259000,376515.27193926205
5923,129000,302979.1645329007
5517,165000,144204.37944210588
175,549000,495512.141140092
2471,299000,359430.0136634151
9047,199000,274330.6729692196
3105,465000,559325.3621122119
4843,395000,278924.5025069759
6318,199000,233271.02443074097
6335,255000,182603.35451862763
12540,269000,418350.65904840856
12924,439000,253822.53683310407
4424,349000,374123.33896477986
949,498500,495498.9300350074
13153,269000,333458.4831717721
8067,353249,214352.84921743724
10828,350000,261779.02264833887
870,625000,567339.8835989826
1694,124000,125674.44803372212
4913,890000,950230.1263896674
4513,1195000,988838.0489314238
11626,799000,588935.0226896141
7159,199000,483956.2336573461
2152,870000,977633.3683805077
5831,250000,259675.89289873344
2528,265000,318084.0062930265
9651,500000,560796.7007501476
5169,249000,356021.54184922244
5079,450000,446237.1753670339
947,329000,536440.9365299051
6042,575000,420593.5578162024
8320,335000,335706.6709020735
5918,89000,57991.28364946728
9268,215000,234844.00741166074
1440,339000,314868.4022651628
4196,389000,410602.54761707614
12858,265000,406288.308310448
9384,578000,723260.459760376
3202,445000,484926.7337289288
4028,249000,208093.64620615257
11983,299000,307738.7489025298
13025,339000,412160.45468802133
1412,449000,417658.5403264129
2146,875000,1012060.1660414077
11792,375000,375751.97568928835
690,635000,382218.89121954364
1777,149000,97245.04557949054
9028,1225000,1026961.1942825706
9262,199900,330026.85368129064
11560,290000,283851.5857693515
3407,415000,355214.09028547024
12573,349000,526464.9130323714
8635,180000,176648.96822752262
5591,369000,422957.952780164
11264,349000,455417.9636583837
25,215000,379796.6517747715
12516,225000,171027.79107400193
9663,675000,575743.1816179658
5937,185000,280883.78611047496
8379,125000,-28610.135550245235
12358,249000,166983.68359398568
7875,365000,394553.1702371167
935,2295000,1095238.5336307422
2014,405000,508670.9708637396
1593,990000,537834.5822769667
9516,279000,267651.8269197749
12306,645000,651872.9173442221
11833,975000,377552.0273684106
10464,229900,262257.4095928422
2416,950000,1054917.8661355379
13370,270000,214938.34099408114
2677,289000,348860.72179381613
9724,317500,343918.11641193327
8960,420000,692980.648273383
8793,395000,549728.214494646
1678,220000,348530.07006642857
2960,349000,380226.3239965525
12544,275000,434418.18283048295
712,330000,228587.01687471487
11657,249000,330645.9103261813
12753,899000,746780.8870952714
1181,1595000,743265.9933902158
11707,258000,459516.67150573246
4465,485000,420175.3998181129
5817,185000,150694.0584461686
9752,210253,180602.77825831197
9779,325000,393570.57083867793
9180,455000,301563.1718748128
8426,248000,472685.6285654117
10989,249000,142029.3832862333
4553,374000,422180.6117120215
4469,497000,751995.1631280573
3608,260000,192844.64253619153
5509,145000,213833.2210611669
8899,280000,496253.8822908661
5555,279000,288282.869327709
10545,639000,584677.0200836642
5102,169500,121019.0007348127
3919,635000,494517.2968249184
8639,320000,425623.18138185143
3600,199000,98356.42379355739
6167,375000,302515.88400543993
2632,559000,678510.7021128329
1494,199000,253920.17697582053
9386,580000,582374.3420567688
8385,160000,243609.9914907781
7429,250000,732592.6646509224
1555,679000,731383.8637953734
6640,289000,233452.17061388807
2461,115000,60351.18589317199
6663,449000,410175.52438490174
6761,219500,340003.85275545885
8686,210000,335234.1753361579
4726,2150000,1301901.2527179802
9117,490000,789112.6376330757
6862,485000,348400.31100218947
13082,350000,282696.82927133824
9325,335000,242125.3789457988
4112,549000,851432.8811562195
311,269000,234732.59334305633
6322,220000,161051.0157889895
835,965000,1012979.126695791
4951,388000,568077.2239602454
2361,268000,253889.55369191908
1585,585000,618702.0770845368
6467,598000,722433.6440114158
11152,210000,229306.6362733164
866,85000,-96713.804342088
8538,450000,540984.2306782608
1148,279000,271806.2292467335
292,314000,305580.6777681605
5980,299000,383157.08007264585
4275,199000,155173.50439284934
60,419000,299148.5208192789
10687,800000,571448.0888510311
13052,310000,578442.573610015
3341,189000,210429.02778479265
1030,165000,122946.11935687118
11165,265000,389827.5883754003
6508,1295000,516292.90057591186
8151,695000,831797.8195828681
2551,430000,435117.63440645434
12549,279000,303164.1671051558
5626,485000,634058.4944994722
3455,839000,653555.8154869643
288,139000,72935.17127410683
12794,450000,654998.8829283974
5371,415000,504812.2103271522
4688,352085,298277.11476630624
3115,535000,851179.8769749405
647,209000,353888.40673394914
1155,498000,617183.7508131615
4680,320000,372380.9639740471
2854,295000,402560.60044736357
7860,258000,262270.0234005987
9505,229000,369619.3554844932
7019,369000,496476.8526864914
13113,440000,359042.36308944627
11648,385000,383936.3313742754
11282,615000,536192.8036292442
13096,455000,531695.7316969836
519,335000,406312.2316564166
12456,275000,206056.3726138992
5729,420000,477387.97501257143
10414,675000,556043.0683040998
6418,430000,615804.3793754325
9043,478000,734144.3549617091
2640,249000,202906.9890819418
4409,299000,638790.2211237303
7431,255000,230206.29951497063
6062,795000,457528.919014405
534,845000,605267.3997104134
5285,790000,1349685.3504246233
4798,279000,395450.4910266952
5240,450000,400820.2306929423
10346,245000,449589.8836016521
5167,245000,208003.1054195849
880,220000,250613.6184079222
1396,742000,549517.2945895061
4090,449000,245079.0096251268
437,195000,226250.9549590696
476,229000,516054.4133576243
8955,402900,319851.53935690236
10729,305000,361603.5149540251
11094,225000,383906.0209676845
9252,180000,135653.20752006926
3563,295000,227535.88662086494
5416,219900,285239.91444171633
12904,365000,415927.3642253874
11178,290000,236563.27882119844
4507,945000,997955.4299014292
7905,670000,715749.9398740316
10023,399000,430627.2425383571
11274,459000,477333.5206449613
318,597500,576857.6617936059
1772,875000,637822.12924797
3433,555000,362104.66580288025
5867,649500,675470.9803126967
3112,525000,604538.380889542
12718,325000,304733.62693026743
7319,259000,251226.55130137183
10621,219000,155311.15613845177
5245,475000,448425.83757611545
9754,320000,487545.9325246072
10867,239000,361417.20325028675
3907,320000,352983.338845395
6285,397400,319560.8950450411
5088,579000,668210.6138781655
6606,324000,447027.5123363217
12292,499000,370633.0739357041
542,1120000,761825.550640186
10599,519150,465868.15751795087
12120,345000,418229.45833436726
1785,329000,272797.28280209936
2077,239000,339810.2227301259
3667,199000,135843.0894885772
580,435000,361231.4926817694
6350,295000,521476.25423737045
5211,349000,334778.88912707823
596,369000,371681.77499839664
1910,390000,408773.81145261315
4645,318000,425819.2133625037
5281,725000,578327.4824967062
2994,525000,413734.0951912013
7531,649000,644608.1943407534
1093,529000,415880.8103966985
4310,590000,538531.7790783067
6790,279000,351926.4538800594
9364,485000,663099.8974999416
11656,399000,381818.99670204945
2739,425000,311898.3128776103
549,398000,769864.1201109954
8594,695000,786992.88424787
10383,295000,361794.0437108236
540,349000,502213.9489352619
9699,232000,340881.9903121808
12406,775000,309725.5557637075
8694,309000,251291.54684470093
2247,419000,348070.174278292
7572,245000,503520.13951203617
560,550000,622075.2585116451
10302,345000,384227.41592923074
3970,185000,107895.48228658683
4977,139000,162038.37526177696
4401,275000,299941.7140069661
7691,695000,726201.1639174761
11592,399000,351244.7858440758
2449,585000,282353.9981329576
7881,399000,621773.183939209
2941,595000,604124.6744198544
2324,409000,421328.6490286261
7214,349000,389157.8552493339
4047,299000,322377.5318988577
1595,249000,224589.18413105057
2486,945000,906675.401691816
12510,220000,230464.27293799754
10472,725000,227698.77855829673
6275,1185000,948160.887738995
12470,365000,317087.4035541775
10526,249000,268206.3256833392
1907,259000,502447.72339223186
4890,600000,543778.6342073027
4151,1295000,1104510.5400232135
8054,328000,401683.74844064674
833,379500,289681.2979639665
11394,789000,499764.5310053824
4015,219000,320033.57934325177
8162,998000,1615479.174452723
5960,249000,266545.9706292787
11715,200000,227179.98282993393
1993,145000,139819.4084971113
3704,325000,206776.0105978049
7169,229000,399905.33034065354
2859,695000,656707.324251423
1923,353000,377909.1509308568
8286,477500,369448.5981795607
11021,385000,309181.11090291024
1708,194000,213750.12895526958
9280,239000,139654.59383877303
1218,215000,147535.98936610826
823,710000,476168.99822165817
9639,249000,363035.2125430033
8009,249900,209447.89241277214
5893,120000,113265.74517871474
13010,375000,331515.39603861433
2645,649000,471938.35200046765
5997,369500,319188.2756284468
10814,275000,285386.69675107783
1859,435000,379845.7905441564
1077,129900,134811.54300862842
9307,290000,438308.71139974095
9293,258000,226029.77717259544
8982,498888,698749.3927323797
12732,300000,527774.1435927398
4167,220000,235791.6489696976
10647,335000,207981.6936498895
3794,1195000,693964.778944612
2712,790000,773671.4650560131
2558,499000,684831.3910078849
698,795000,727332.1498879122
1850,349000,343907.44149608596
5871,825000,935526.7962935134
510,349999,368094.5182884299
5833,270000,226357.21660220128
9413,845000,699630.4072995246
3462,1025000,957385.0121653974
5605,398500,698846.4396527307
12271,390000,657225.2312637549
10929,394308,512510.2334238614
10,329000,437071.56297861255
6022,485000,426427.0067744378
6810,339493,262050.76150411065
11946,225000,167534.9680892594
12867,279000,240463.60628729404
115,375000,299089.53868576733
6501,1098000,854779.9809030208
9847,214900,253889.34979355702
2973,215000,397748.5430504141
6386,359000,219415.50976155
11105,279000,308785.5638405486
6870,499000,442698.93738426367
7470,425000,347626.05137700075
10544,550000,437125.5073848544
341,1950000,1213786.671155105
934,795000,632643.5262229459
3436,590000,543791.8132612938
3629,1795000,1179688.1216087546
11187,330000,393204.50527325313
4206,245000,280809.1791905501
2229,150000,64136.75886951829
8795,399000,518815.56981572235
9255,189000,285065.8815306013
5117,69000,18541.36037914717
13326,245000,282016.32977634924
1563,199000,300130.3691060846
3064,258500,200647.11534810285
2942,740000,715953.8357168688
6680,675000,742709.9829930324
11540,249000,392108.5377703773
2652,290000,492282.53780441167
6628,199900,327505.65927361953
12935,552000,292560.55797768413
11934,235000,430501.8704610827
11144,239000,511073.6901823173
11341,254000,231282.5589843374
10987,249000,452960.8418976682
11959,239000,180332.62627097976
12210,245000,261421.7201385116
6089,2350000,1015422.0272069962
7245,401700,275985.2553239142
10460,318000,281935.23601324577
4403,285000,185446.44827077433
8397,188000,245530.63103355243
2509,165000,156639.7602279354
12519,230000,230766.45115897516
8915,315000,272018.2112856001
12754,1245000,788821.2932508913
13035,450000,544265.3275419213
7162,210000,231713.72385102106
8867,199000,395644.8304336625
10181,259000,359959.86216075555
5655,749000,720018.0838285366
989,199000,190399.01305797766
7828,850000,880932.3700074567
2834,669000,923895.8200918462
10947,895000,366055.4476274493
263,649000,730703.8338189058
5866,645000,466592.91571496776
8016,260000,236180.10356042007
7068,395000,330847.66732769395
10713,249000,416008.02333519736
12580,365000,488787.101356787
3698,309000,323831.4192137965
6179,485000,372397.7088831586
5892,930000,946644.7994944486
5680,1295000,870560.8110642219
6872,513150,676983.0991390127
186,315000,263270.29192637885
8945,379000,536049.9869472779
8050,324000,344244.50556287094
12842,239000,245625.9712821182
11420,249000,302549.94773218106
1703,995000,991188.2208412527
8682,295000,336070.4081344534
8569,565000,477654.800552505
10029,299000,258463.9315909311
818,260000,383349.6903719136
4742,435000,623571.7792929455
2310,285000,297128.37599114596
11654,995000,779181.3516863624
7168,222000,451405.7317494752
10643,525000,444283.99532974546
6991,135000,25644.79177716706
5681,1295000,1123472.9461359459
12007,415000,467554.0847435054
6605,295000,377485.5585909321
5195,310000,335481.5838967925
4790,259500,239118.2399095974
11910,365000,256095.23132156162
5156,219000,256532.36215020498
5824,225000,238237.92144931335
7316,485000,656350.8859193814
2940,549000,648702.4873749103
9647,695000,394195.7135134223
8992,569000,449261.4296033094
7345,499000,631066.857405235
5182,278000,292030.27893451403
10666,375000,449878.2606485954
6865,495000,724607.8579839885
8306,229000,337914.98208396835
4833,374000,423306.5933619078
1655,359000,552640.4573357846
1829,229000,431470.7012985137
7613,320000,380496.38389874366
8617,975000,830967.342350907
4486,595000,755257.3224584219
8947,380900,287630.11835071165
4171,295000,364806.216389143
10740,469000,499859.75812812464
7853,199000,121719.02035770641
10765,238000,279659.90639516496
9975,265000,338956.60682961124
2909,329000,469919.32929878356
10483,299000,323475.46060757193
710,239000,282902.43049208366
7146,149500,143187.7771558101
6426,447500,403906.2404184509
9365,485000,690931.4643960884
11172,279000,361863.02963915374
455,495000,638131.5167704513
2268,419000,441301.6052844532
3985,120000,33521.943721731484
11255,265000,308593.7468593434
5844,349000,452802.1796508751
117,399000,421955.01815952576
2360,259900,175753.58469454042
10934,895000,744418.1716237767
10534,299000,433751.673954612
8892,250000,196574.13785512673
10293,799000,667856.0439518862
5837,319000,277277.7911101449
10182,310000,314414.34820953844
7123,595000,589616.0603293843
11267,369000,326487.9476936788
8786,349000,173432.34234034433
12775,315000,300662.50028864073
9687,249000,284819.6257051601
4550,285000,215392.80503857057
11984,299000,357622.3200073383
3501,1295000,906667.43027402
2995,549000,657000.870825752
9863,360000,278406.5012134868
12820,205000,165480.48163222242
1940,421000,334262.30835239915
9282,240000,131773.08123775088
12031,750000,516464.35357997194
6561,255000,223671.20780855502
2927,80000,-90332.40968531492
9616,475000,499609.76304761
3702,325000,414868.12201925577
1601,349000,258861.78979620925
4589,279000,170029.87108990457
7182,267169,214544.40062013327
12726,650000,559409.173626978
2817,450000,614734.2798635797
13376,300000,199514.83589217663
5543,239000,197394.51215786382
6698,2494793,1155281.467295165
6493,900000,749458.399562584
2626,249000,407820.44466210547
5828,249000,250850.08581060873
11817,645000,602101.8698129145
5569,319000,317591.69458368456
3995,169000,168015.9849955138
2991,449000,536753.7419392824
20,345000,338499.2466758072
4067,369000,368646.82234382874
12404,335000,446611.86202508566
11986,299000,466675.15945062356
7995,220000,277906.959367982
1899,339000,413707.76785598404
6662,449000,789253.0858841976
6208,145000,217401.87782654984
12533,249000,299599.0947248449
10058,399000,404052.304322568
10815,279000,235619.53942543746
3701,320000,662912.9994461271
6168,389000,686372.8960109457
6770,245000,495149.08646767656
6129,360000,465711.03495424706
1502,298500,325080.7046872114
9089,260000,143214.22452379105
958,429000,309164.1644808397
6845,429000,370076.9868195299
8104,449000,550443.0833416234
8295,180000,221449.45060871347
3113,528000,442803.4299435274
10670,450000,350792.28801773104
11369,380000,410447.25211084227
7173,246554,173135.75762028294
11666,259000,251902.54293237938
2759,175000,151925.7874284722
1359,339000,341142.41208458436
9305,289000,398520.99469518976
2028,665000,555832.9200827074
4647,345000,501731.62377977924
4384,239000,366411.65615130647
8847,129000,305877.5842190111
4121,598000,749095.6577804448
12234,279000,448994.97802628105
3376,319000,325495.8695366639
3074,320000,219308.207297993
12034,795000,610478.5352032323
8177,229000,250953.19444821437
7471,429000,449159.20983505837
5069,330000,251097.24285438992
9444,2340000,1305989.2505449113
3564,521000,443816.93104616826
5943,219000,262828.99472533155
11524,225000,303060.7537124077
4477,549000,405280.90535557613
9871,269000,368021.5029963224
9604,240000,214936.7862192376
727,1100000,743384.1941299101
13205,395000,334804.77891129616
7826,450000,193027.77086476274
2278,165000,188291.29988607683
3343,195000,413681.00925124116
2710,695000,784172.6386012163
5582,349000,528132.9334605825
7696,750000,990849.7863768765
1250,1795000,963585.9717800415
5125,110000,152992.25350542937
4222,535000,650702.7858908887
11088,545000,437785.7304832482
7379,385000,501477.7364518567
6601,159000,311801.4243510122
1861,465000,504262.5925300382
535,49000,193738.3316449198
871,120000,89832.59811216127
257,398000,829333.3138813878
7153,180000,393753.11305274884
9744,985000,464605.0822506468
734,249000,213877.9531480905
3504,350000,328009.72439115687
6925,1295000,1371635.434934046
6235,350000,319987.98217530805
4569,199000,244909.09246146385
9819,269000,309170.44649150805
6670,519000,669003.3772179072
10882,275000,277237.0005660176
5353,585000,611705.1275209503
1560,295000,408187.7685353743
6661,449000,939706.1935489592
9430,1495000,816744.0638255976
13339,365000,400058.8872530993
4982,620000,541179.0016178872
411,349000,453062.05342264095
6420,431500,314544.4359687683
529,398000,509712.7956620631
11886,214000,167117.0227793852
4717,749000,756595.6145262385
277,185000,153641.45806433557
5648,625000,817723.2058688505
4320,1950000,1127971.4539598152
7295,995000,1043147.5749253151
4766,180000,248398.9883256662
6881,575000,420647.97971468087
11686,399000,240089.36195051364
7349,195000,145374.74828299496
6112,1575000,1267712.124795716
5881,1675000,1121548.8734865373
1216,169000,166557.63646156102
4599,265000,466343.038208626
8716,549000,392447.33154250064
1889,1495000,816566.4672424499
2090,399000,408032.89838514465
2731,375000,427290.7893721406
2627,262000,306089.7796393917
11692,495000,675611.6311831168
11309,415000,505609.49263950944
1992,119000,281637.36668195657
1315,169000,75575.62786206877
13067,210000,186837.46263702423
12221,260000,166137.8177281184
10158,319000,373370.9934860987
2649,1320000,1214081.9013396937
4044,298000,174428.9395274638
11538,245000,309035.5303818035
9414,850000,692838.3150982561
6046,599000,605968.7722343162
5825,235000,147538.65609970276
3482,329000,769103.8199962057
4119,595000,506294.67523259483
7659,459000,444254.2654161584
12305,627000,639222.092172322
7420,225000,218031.01218789894
12217,250000,205979.41711048345
12301,570000,664107.8139067678
12464,309000,244290.53649586078
1632,199000,114104.5508286992
12553,280000,306845.0404991157
4179,450000,220965.2966719793
3244,310000,229086.8577120891
251,595000,551364.1623896149
11435,355000,315946.0320132117
3567,250000,269260.55228607234
10776,490000,579541.7699636032
11219,249000,254189.72040798888
12667,359000,434852.24203064357
1235,625000,864433.0751906891
250,595000,538318.5183182048
12617,610000,636358.6969943655
3793,1195000,668006.5840958619
2715,845000,825800.0002518483
5849,379000,367999.86653835647
7120,332000,281097.28185447387
1075,462300,280249.9437858922
11008,340000,447434.46039707004
8808,669000,406146.4392834614
7876,375000,439928.4166891548
4811,305000,458077.47154553083
9869,595000,463254.0437714786
8042,299000,271806.52339312236
11732,222000,230915.37540945256
6248,445000,534180.7085974786
11287,995000,692548.8129990569
4661,399000,549197.168867639
13244,635000,828936.1948546163
8550,495000,485358.8985452987
10656,279000,344156.18763640075
11302,329000,352379.7547611464
2115,369000,365709.82860310894
10356,319000,279105.4076316006
7009,469000,670373.5039482341
2955,325000,497222.84608943836
1006,499000,1058588.439284315
3405,399000,369821.9556523965
4581,125000,146053.9341539502
11975,275000,340597.2444029812
10543,550000,536457.8417375179
6087,1990000,1633437.5251665846
8189,350000,472370.50584223255
11581,360000,412579.31688030344
6755,209000,180708.14378075209
7092,550000,735765.1442089949
5887,395000,452239.6966240628
6690,920000,875254.1911155651
2262,895000,619079.485209735
2037,235000,263992.9296564144
9948,289000,219231.87898617226
12565,310000,330181.26306862757
3991,165000,143014.0091304265
877,849000,748749.6931631009
4447,419000,409934.2857435903
12637,995000,712835.7684965504
1862,465000,507416.84851453657
5291,1145000,1147928.2972061122
404,449000,439381.7748367027
1480,220000,339193.8108609037
5584,349000,307374.3851882519
7644,395000,393680.0474873398
9853,235000,206085.34880335757
8033,295000,364660.46987494954
9340,399000,538276.7079325638
4109,545000,894324.5685413168
4585,27500,-20954.764976870734
8967,440000,580877.8925847395
11598,448000,391053.4373770124
7759,59500,-1964.515070501424
8589,680000,1007323.9948944929
4504,850000,1120613.2735673035
3574,695000,489476.2289820827
6613,1545000,1056276.3597842592
11470,740000,442285.365978806
11455,260000,438643.866007886
11545,265000,337494.5988340422
10490,350000,549836.400834538
8398,189000,424993.09571152856
898,289500,168073.9898756796
5982,299000,212326.7397047339
9212,1695000,1298725.5616609524
11749,250000,249969.09281601067
10497,700000,624764.5525750542
11781,320000,252311.95229995885
6307,159000,303085.76427914016
1759,325000,511707.6043277686
1454,625000,462144.923414451
2983,339000,541249.4660904879
2658,385000,600204.9533695038
7485,599000,474988.99234063964
6328,242000,292153.74415888777
1868,750000,695228.5749533286
592,930000,903234.3198818695
3316,299000,484239.8444610031
9690,235000,216332.39040432216
1500,265000,331014.0014501626
6055,725000,833100.3092038098
2988,392500,341005.1736568165
8467,320000,520138.32922772976
830,169500,197433.55574293074
9207,210000,154749.8347515685
12169,419000,416164.86324168683
3140,1588800,1312915.544288829
3263,925000,918073.6925667581
11741,239000,251025.95461560058
1620,687500,677352.2306266893
831,295000,300119.1175394183
10835,465000,437558.5822419938
2599,695000,1142483.5576385497
11076,499000,484039.19044036674
2571,747000,432601.5615307132
9868,595000,366438.3500506368
1755,629000,459874.699773523
5548,269000,344877.35752952896
3519,110000,41955.44203585462
9304,285000,217089.04251900327
2131,235000,198371.87703357064
5141,175000,276345.8913150969
10214,220000,194273.471553317
2935,115000,207589.52527447738
11422,255000,243867.46667070955
3096,399000,425816.0274965915
2071,219000,184382.0909867793
1974,295000,302658.6371395634
246,348000,205596.8664760032
4211,129000,25496.44534425513
3575,495000,482836.3682552753
375,367000,556627.6429869658
12557,295000,401125.7361684777
1307,219000,199045.04563753147
11755,260000,441083.21294190286
4723,1195000,958995.8492505716
389,385000,426940.3543125217
1919,119000,61357.25007676729
6675,575000,615045.402491583
939,369000,485167.204969426
270,200000,232459.46732883554
3744,449500,343147.249492121
7883,399000,300236.5821563023
5247,479000,437689.37370128604
10127,385000,298765.6609454731
7847,149000,189287.28475022805
4653,499000,594792.1430041812
5904,120000,-1165.183228294889
9549,395000,366158.8610201973
6338,259000,178114.36060205975
