code-ins,locality,men,women,total
1000,Belgique,5 797 225,5 966 425,11 763 650
2000,Région flamande,3 377 519,3 444 251,6 821 770
3000,Région wallonne,1 807 507,1 884 776,3 692 283
4000,Région de Bruxelles-Capitale,612 199,637 398,1 249 597
10000,Province d’Anvers,955 926,970 596,1 926 522
11000,Arrondissement d’Anvers,538 894,548 355,1 087 249
11001,Aartselaar,7 393,7 497,14 890
11002,Anvers,273 023,271 736,544 759
11004,Boechout,6 738,7 093,13 831
11005,Boom,9 677,9 754,19 431
11007,Borsbeek,5 555,5 824,11 379
11008,Brasschaat,18 386,20 084,38 470
11009,Brecht,15 259,15 351,30 610
11013,Edegem,11 125,11 884,23 009
11016,Essen,9 787,9 843,19 630
11018,Hemiksem,6 152,6 244,12 396
11021,Hove,4 019,4 387,8 406
11022,Kalmthout,9 599,10 073,19 672
11023,Kapellen,13 608,14 174,27 782
11024,Kontich,10 589,11 104,21 693
11025,Lint,4 212,4 293,8 505
11029,Mortsel,12 886,13 702,26 588
11030,Niel,5 433,5 533,10 966
11035,Ranst,9 819,9 957,19 776
11037,Rumst,7 717,7 819,15 536
11038,Schelle,4 170,4 444,8 614
11039,Schilde,9 859,10 460,20 319
11040,Schoten,16 741,17 900,34 641
11044,Stabroek,9 355,9 471,18 826
11050,Wijnegem,5 098,5 482,10 580
11052,Wommelgem,6 561,6 809,13 370
11053,Wuustwezel,10 850,10 944,21 794
11054,Zandhoven,6 686,6 759,13 445
11055,Zoersel,10 985,11 572,22 557
11056,Zwijndrecht,9 601,9 979,19 580
11057,Malle,8 011,8 183,16 194
12000,Arrondissement de Malines,176 752,182 547,359 299
12002,Berlaar,5 961,6 100,12 061
12005,Bonheiden,7 562,7 892,15 454
12007,Bornem,10 862,11 214,22 076
12009,Duffel,8 900,9 162,18 062
12014,Heist-op-den-Berg,21 963,22 542,44 505
12021,Lierre,18 588,19 622,38 210
12025,Malines,43 840,45 473,89 313
12026,Nijlen,11 679,12 028,23 707
12029,Putte,9 368,9 546,18 914
12035,Sint-Katelijne-Waver,10 726,11 066,21 792
12040,Willebroek,13 997,14 251,28 248
12041,Puurs-Sint-Amands,13 306,13 651,26 957
13000,Arrondissement de Turnhout,240 280,239 694,479 974
13001,Arendonk,6 702,6 689,13 391
13002,Baerle-Duc,1 517,1 484,3 001
13003,Balen,11 756,11 767,23 523
13004,Beerse,9 245,9 356,18 601
13006,Dessel,4 939,4 953,9 892
13008,Geel,21 350,20 981,42 331
13010,Grobbendonk,5 800,5 807,11 607
13011,Herentals,14 272,14 593,28 865
13012,Herenthout,4 666,4 788,9 454
13013,Herselt,7 450,7 388,14 838
13014,Hoogstraten,11 330,10 948,22 278
13016,Hulshout,5 298,5 296,10 594
13017,Kasterlee,9 833,9 815,19 648
13019,Lille,8 586,8 440,17 026
13021,Meerhout,5 265,5 131,10 396
13023,Merksplas,4 451,4 432,8 883
13025,Mol,19 164,19 370,38 534
13029,Olen,6 477,6 347,12 824
13031,Oud-Turnhout,7 328,7 500,14 828
13035,Ravels,7 825,7 689,15 514
13036,Retie,5 969,5 898,11 867
13037,Rijkevorsel,6 345,6 216,12 561
13040,Turnhout,23 575,23 730,47 305
13044,Vorselaar,4 020,4 014,8 034
13046,Vosselaar,5 876,5 925,11 801
13049,Westerlo,12 885,12 740,25 625
13053,Laakdal,8 356,8 397,16 753
20001,Province du Brabant flamand,587 558,609 215,1 196 773
20002,Province du Brabant wallon,200 821,213 309,414 130
21000,Arrondissement de Bruxelles-Capitale,612 199,637 398,1 249 597
21001,Anderlecht,63 141,63 440,126 581
21002,Auderghem,16 848,18 502,35 350
21003,Berchem-Sainte-Agathe,12 520,13 267,25 787
21004,Bruxelles,100 319,96 509,196 828
21005,Etterbeek,23 894,25 881,49 775
21006,Evere,21 858,23 376,45 234
21007,Forest,28 148,29 896,58 044
21008,Ganshoren,12 309,13 255,25 564
21009,Ixelles,43 022,46 256,89 278
21010,Jette,26 179,27 928,54 107
21011,Koekelberg,11 318,11 330,22 648
21012,Molenbeek-Saint-Jean,48 898,49 467,98 365
21013,Saint-Gilles,24 622,24 671,49 293
21014,Saint-Josse-ten-Noode,14 052,12 843,26 895
21015,Schaerbeek,64 653,65 752,130 405
21016,Uccle,40 374,46 432,86 806
21017,Watermael-Boitsfort,11 656,13 639,25 295
21018,Woluwe-Saint-Lambert,28 381,32 390,60 771
21019,Woluwe-Saint-Pierre,20 007,22 564,42 571
23000,Arrondissement de Hal-Vilvorde,327 225,342 105,669 330
23002,Asse,17 612,18 143,35 755
23003,Beersel,13 033,13 472,26 505
23009,Biévène,1 133,1 143,2 276
23016,Dilbeek,21 680,23 198,44 878
23023,Gammerages,4 437,4 494,8 931
23024,Gooik,4 729,4 798,9 527
23025,Grimbergen,19 362,20 498,39 860
23027,Hal,20 784,21 811,42 595
23032,Herne,3 365,3 460,6 825
23033,Hoeilaart,5 656,5 980,11 636
23038,Kampenhout,6 178,6 350,12 528
23039,Kapelle-op-den-Bos,4 717,4 986,9 703
23044,Liedekerke,6 839,7 174,14 013
23045,Londerzeel,9 520,9 884,19 404
23047,Machelen,8 135,8 441,16 576
23050,Meise,9 922,10 377,20 299
23052,Merchtem,8 832,9 197,18 029
23060,Opwijk,7 329,7 537,14 866
23062,Overijse,12 704,13 266,25 970
23064,Pepingen,2 304,2 288,4 592
23077,Sint-Pieters-Leeuw,17 913,18 612,36 525
23081,Steenokkerzeel,6 210,6 453,12 663
23086,Ternat,8 165,8 413,16 578
23088,Vilvorde,23 211,24 234,47 445
23094,Zaventem,17 892,18 784,36 676
23096,Zemst,11 438,11 963,23 401
23097,Roosdaal,5 876,6 082,11 958
23098,Drogenbos,2 824,3 120,5 944
23099,Kraainem,6 754,7 208,13 962
23100,Linkebeek,2 228,2 446,4 674
23101,Rhode-Saint-Genèse,9 098,9 595,18 693
23102,Wemmel,8 899,9 280,18 179
23103,Wezembeek-Oppem,7 099,7 643,14 742
23104,Lennik,4 615,4 856,9 471
23105,Affligem,6 732,6 919,13 651
24000,Arrondissement de Louvain,260 333,267 110,527 443
24001,Aarschot,15 261,15 877,31 138
24007,Begijnendijk,5 191,5 424,10 615
24008,Bekkevoort,3 359,3 412,6 771
24009,Bertem,5 026,5 216,10 242
24011,Bierbeek,5 314,5 220,10 534
24014,Boortmeerbeek,6 624,6 724,13 348
24016,Boutersem,4 261,4 373,8 634
24020,Diest,12 321,12 650,24 971
24028,Geetbets,3 120,3 141,6 261
24033,Haacht,7 584,7 932,15 516
24038,Herent,11 241,11 766,23 007
24041,Hoegaarden,3 447,3 426,6 873
24043,Holsbeek,5 084,5 123,10 207
24045,Huldenberg,4 965,5 118,10 083
24048,Keerbergen,6 527,6 771,13 298
24054,Kortenaken,3 944,4 005,7 949
24055,Kortenberg,10 468,10 697,21 165
24059,Landen,7 982,8 408,16 390
24062,Louvain,51 918,52 091,104 009
24066,Lubbeek,7 487,7 637,15 124
24086,Oud-Heverlee,5 666,5 808,11 474
24094,Rotselaar,8 737,8 935,17 672
24104,Tervuren,11 172,11 905,23 077
24107,Tirlemont,17 785,18 796,36 581
24109,Tremelo,7 645,7 772,15 417
24130,Léau,4 291,4 443,8 734
24133,Linter,3 600,3 723,7 323
24134,Montaigu-Zichem,11 870,12 131,24 001
24135,Tielt-Winge,5 773,5 831,11 604
24137,Glabbeek,2 670,2 755,5 425
25000,Arrondissement de Nivelles,200 821,213 309,414 130
25005,Beauvechain,3 561,3 672,7 233
25014,Braine-l’Alleud,19 437,21 024,40 461
25015,Braine-le-Château,5 212,5 434,10 646
25018,Chaumont-Gistoux,5 782,6 036,11 818
25023,Court-Saint-Etienne,5 307,5 547,10 854
25031,Genappe,7 946,8 122,16 068
25037,Grez-Doiceau,6 823,7 241,14 064
25043,Incourt,2 809,2 853,5 662
25044,Ittre,3 440,3 573,7 013
25048,Jodoigne,7 264,7 635,14 899
25050,La Hulpe,3 634,3 896,7 530
25068,Mont-Saint-Guibert,4 140,4 267,8 407
25072,Nivelles,13 838,15 232,29 070
25084,Perwez,4 700,5 004,9 704
25091,Rixensart,11 033,12 063,23 096
25105,Tubize,13 812,14 569,28 381
25107,Villers-la-Ville,5 501,5 613,11 114
25110,Waterloo,14 501,16 095,30 596
25112,Wavre,17 146,18 412,35 558
25117,Chastre,3 771,3 957,7 728
25118,Hélécine,1 905,1 943,3 848
25119,Lasne,6 904,7 294,14 198
25120,Orp-Jauche,4 478,4 616,9 094
25121,Ottignies-Louvain-la-Neuve,15 325,16 323,31 648
25122,Ramillies,3 333,3 367,6 700
25123,Rebecq,5 453,5 680,11 133
25124,Walhain,3 766,3 841,7 607
30000,Province de Flandre occidentale,608 534,617 841,1 226 375
31000,Arrondissement de Bruges,141 298,145 318,286 616
31003,Beernem,8 236,8 023,16 259
31004,Blankenberge,10 117,10 442,20 559
31005,Bruges,58 672,61 197,119 869
31006,Damme,5 557,5 650,11 207
31012,Jabbeke,7 362,7 470,14 832
31022,Oostkamp,12 113,12 162,24 275
31033,Torhout,10 478,10 487,20 965
31040,Zedelgem,11 692,11 768,23 460
31042,Zuienkerke,1 354,1 322,2 676
31043,Knokke-Heist,15 717,16 797,32 514
32000,Arrondissement de Dixmude,26 302,26 248,52 550
32003,Dixmude,8 607,8 621,17 228
32006,Houthulst,5 264,5 200,10 464
32010,Koekelare,4 402,4 425,8 827
32011,Kortemark,6 410,6 405,12 815
32030,Lo-Reninge,1 619,1 597,3 216
33000,Arrondissement d’Ypres,54 066,54 063,108 129
33011,Ypres,17 580,17 970,35 550
33016,Messines,540,535,1 075
33021,Poperinge,9 882,10 039,19 921
33029,Wervik,9 615,9 594,19 209
33037,Zonnebeke,6 401,6 304,12 705
33039,Heuvelland,4 108,3 861,7 969
33040,Langemark-Poelkapelle,4 102,3 998,8 100
33041,Vleteren,1 838,1 762,3 600
34000,Arrondissement de Courtrai,149 780,152 552,302 332
34002,Anzegem,7 599,7 549,15 148
34003,Avelgem,5 136,5 270,10 406
34009,Deerlijk,6 265,6 405,12 670
34013,Harelbeke,14 895,15 009,29 904
34022,Courtrai,39 653,40 379,80 032
34023,Kuurne,6 938,7 207,14 145
34025,Lendelede,2 931,2 950,5 881
34027,Menin,17 122,17 295,34 417
34040,Waregem,19 665,20 332,39 997
34041,Wevelgem,15 762,16 122,31 884
34042,Zwevegem,12 815,12 970,25 785
34043,Espierres-Helchin,999,1 064,2 063
35000,Arrondissement d’Ostende,79 145,80 887,160 032
35002,Bredene,8 986,9 194,18 180
35005,Gistel,6 066,6 178,12 244
35006,Ichtegem,7 286,7 230,14 516
35011,Middelkerke,9 899,9 956,19 855
35013,Ostende,35 735,36 851,72 586
35014,Oudenburg,4 973,4 960,9 933
35029,De Haan,6 200,6 518,12 718
36000,Arrondissement de Roulers,79 675,79 834,159 509
36006,Hooglede,5 227,5 008,10 235
36007,Ingelmunster,5 726,5 811,11 537
36008,Izegem,14 385,14 842,29 227
36010,Ledegem,4 882,4 897,9 779
36011,Lichtervelde,4 690,4 629,9 319
36012,Moorslede,5 738,5 735,11 473
36015,Roulers,33 112,33 150,66 262
36019,Staden,5 915,5 762,11 677
37000,Arrondissement de Tielt,48 035,47 585,95 620
37002,Dentergem,4 377,4 345,8 722
37007,Meulebeke,5 597,5 526,11 123
37010,Oostrozebeke,4 041,4 023,8 064
37011,Pittem,3 492,3 454,6 946
37012,Ruiselede,2 738,2 746,5 484
37015,Tielt,10 351,10 276,20 627
37017,Wielsbeke,5 123,5 015,10 138
37018,Wingene,7 644,7 517,15 161
37020,Ardooie,4 672,4 683,9 355
38000,Arrondissement de Furnes,30 233,31 354,61 587
38002,Alveringem,2 569,2 454,5 023
38008,La Panne,5 407,5 614,11 021
38014,Koksijde,10 537,11 009,21 546
38016,Nieuport,5 600,5 855,11 455
38025,Furnes,6 120,6 422,12 542
40000,Province de Flandre orientale,777 480,794 522,1 572 002
41000,Arrondissement d’Alost,149 845,154 993,304 838
41002,Alost,44 671,46 324,90 995
41011,Denderleeuw,10 342,10 714,21 056
41018,Grammont,17 259,17 740,34 999
41024,Haaltert,9 584,9 818,19 402
41027,Herzele,9 333,9 595,18 928
41034,Lede,9 518,9 792,19 310
41048,Ninove,19 852,20 511,40 363
41063,Sint-Lievens-Houtem,5 344,5 343,10 687
41081,Zottegem,13 639,14 446,28 085
41082,Erpe-Mere,10 303,10 710,21 013
42000,Arrondissement de Termonde,102 399,105 163,207 562
42003,Berlare,7 631,7 855,15 486
42004,Buggenhout,7 396,7 561,14 957
42006,Termonde,23 113,24 072,47 185
42008,Hamme,12 574,12 980,25 554
42010,Laarne,6 210,6 322,12 532
42011,Lebbeke,9 918,10 141,20 059
42023,Waasmunster,5 665,5 631,11 296
42025,Wetteren,13 225,13 735,26 960
42026,Wichelen,5 962,6 070,12 032
42028,Zele,10 705,10 796,21 501
43000,Arrondissement d’Eeklo,44 570,44 605,89 175
43002,Assenede,7 258,7 392,14 650
43005,Eeklo,11 105,11 296,22 401
43007,Kaprijke,3 338,3 322,6 660
43010,Maldegem,12 355,12 389,24 744
43014,Sint-Laureins,3 570,3 446,7 016
43018,Zelzate,6 944,6 760,13 704
44000,Arrondissement de Gand,286 590,291 425,578 015
44012,De Pinte,5 408,5 683,11 091
44013,Destelbergen,9 359,9 751,19 110
44019,Evergem,18 167,18 693,36 860
44020,Gavere,6 580,6 731,13 311
44021,Gand,134 316,135 281,269 597
44034,Lochristi,11 404,11 624,23 028
44040,Melle,5 836,6 145,11 981
44043,Merelbeke,12 418,12 811,25 229
44045,Moerbeke,3 338,3 420,6 758
44048,Nazareth,6 054,6 251,12 305
44052,Oosterzele,7 073,6 989,14 062
44064,Sint-Martens-Latem,3 988,4 220,8 208
44073,Wachtebeke,3 904,3 993,7 897
44081,Zulte,8 087,8 008,16 095
44083,Deinze,22 406,23 065,45 471
44084,Aalter,14 897,14 890,29 787
44085,Lievegem,13 355,13 870,27 225
45000,Arrondissement d’Audenarde,63 349,64 732,128 081
45035,Audenarde,16 214,16 488,32 702
45041,Renaix,13 439,13 917,27 356
45059,Brakel,7 463,7 610,15 073
45060,Kluisbergen,3 420,3 468,6 888
45061,Wortegem-Petegem,3 287,3 265,6 552
45062,Horebeke,972,1 040,2 012
45063,Lierde,3 431,3 443,6 874
45064,Maarkedal,3 086,3 237,6 323
45065,Zwalin,4 108,4 232,8 340
45068,Kruisem,7 929,8 032,15 961
46000,Arrondissement de Saint-Nicolas,130 727,133 604,264 331
46003,Beveren,25 211,25 627,50 838
46013,Kruibeke,8 382,8 690,17 072
46014,Lokeren,21 627,21 927,43 554
46020,Sint-Gillis-Waas,9 963,10 181,20 144
46021,Sint-Niklaas,40 226,41 637,81 863
46024,Stekene,9 699,9 890,19 589
46025,Tamise,15 619,15 652,31 271
50000,Province du Hainaut,663 577,696 497,1 360 074
51000,Arrondissement d’Ath,63 998,66 450,130 448
51004,Ath,14 549,15 499,30 048
51008,Beloeil,7 021,7 223,14 244
51009,Bernissart,5 815,6 063,11 878
51012,Brugelette,1 906,1 947,3 853
51014,Chièvres,3 574,3 594,7 168
51017,Ellezelles,2 981,2 989,5 970
51019,Flobecq,1 707,1 727,3 434
51065,Frasnes-lez-Anvaing,5 966,6 168,12 134
51067,Enghien,7 033,7 476,14 509
51068,Silly,4 217,4 258,8 475
51069,Lessines,9 229,9 506,18 735
52000,Arrondissement de Charleroi,194 646,205 096,399 742
52010,Chapelle-lez-Herlaimont,7 163,7 676,14 839
52011,Charleroi,100 226,104 096,204 322
52012,Châtelet,17 131,18 464,35 595
52015,Courcelles,15 202,16 135,31 337
52018,Farciennes,5 531,5 863,11 394
52021,Fleurus,11 081,11 834,22 915
52022,Fontaine-l’Evêque,8 761,9 361,18 122
52025,Gerpinnes,6 190,6 673,12 863
52048,Montigny-le-Tilleul,4 764,5 377,10 141
52055,Pont-à-Celles,8 611,9 039,17 650
52074,Aiseau-Presles,5 332,5 646,10 978
52075,Les Bons Villers,4 654,4 932,9 586
53000,Arrondissement de Mons,126 552,134 303,260 855
53014,Boussu,9 656,10 627,20 283
53020,Dour,8 023,8 544,16 567
53028,Frameries,10 295,11 376,21 671
53039,Hensies,3 268,3 548,6 816
53044,Jurbise,5 313,5 555,10 868
53046,Lens,2 250,2 386,4 636
53053,Mons,47 290,49 068,96 358
53065,Quaregnon,9 104,9 855,18 959
53068,Quiévrain,3 338,3 527,6 865
53070,Saint-Ghislain,11 443,12 300,23 743
53082,Colfontaine,10 018,10 727,20 745
53083,Honnelles,2 554,2 622,5 176
53084,Quévy,4 000,4 168,8 168
55000,Arrondissement de Soignies,53 070,55 417,108 487
55004,Braine-le-Comte,11 482,11 961,23 443
55035,Le Roeulx,4 283,4 425,8 708
55040,Soignies,14 108,14 924,29 032
55050,Ecaussinnes,5 698,5 874,11 572
55085,Seneffe,5 632,5 992,11 624
55086,Manage,11 867,12 241,24 108
56000,Arrondissement de Thuin,45 546,47 138,92 684
56001,Anderlues,6 308,6 501,12 809
56005,Beaumont,3 532,3 608,7 140
56016,Chimay,4 827,4 864,9 691
56022,Erquelinnes,4 955,5 084,10 039
56029,Froidchapelle,2 050,2 034,4 084
56044,Lobbes,2 904,3 045,5 949
56049,Merbes-le-Château,2 098,2 073,4 171
56051,Momignies,2 596,2 638,5 234
56078,Thuin,7 233,7 638,14 871
56086,Ham-sur-Heure-Nalinnes,6 641,7 184,13 825
56088,Sivry-Rance,2 402,2 469,4 871
57000,Arrondissement de Tournai-Mouscron,110 789,115 050,225 839
57003,Antoing,3 745,3 878,7 623
57018,Celles,2 850,2 872,5 722
57027,Estaimpuis,5 276,5 472,10 748
57062,Pecq,2 912,3 054,5 966
57064,Péruwelz,8 495,8 823,17 318
57072,Rumes,2 670,2 681,5 351
57081,Tournai,33 764,34 790,68 554
57093,Brunehaut,4 028,4 071,8 099
57094,Leuze-en-Hainaut,6 905,7 296,14 201
57095,Mont-de-l’Enclus,1 953,1 926,3 879
57096,Mouscron,29 226,30 761,59 987
57097,Comines-Warneton,8 965,9 426,18 391
58000,Arrondissement de La Louvière,68 976,73 043,142 019
58001,La Louvière,39 621,41 620,81 241
58002,Binche,16 122,17 529,33 651
58003,Estinnes,3 941,4 014,7 955
58004,Morlanwelz,9 292,9 880,19 172
60000,Province de Liège,548 564,570 474,1 119 038
61000,Arrondissement de Huy,57 000,58 830,115 830
61003,Amay,7 130,7 401,14 531
61010,Burdinne,1 653,1 642,3 295
61012,Clavier,2 464,2 482,4 946
61019,Ferrières,2 613,2 509,5 122
61024,Hamoir,1 865,1 915,3 780
61028,Héron,2 776,2 822,5 598
61031,Huy,10 504,11 202,21 706
61039,Marchin,2 776,2 836,5 612
61041,Modave,2 094,2 113,4 207
61043,Nandrin,2 784,2 961,5 745
61048,Ouffet,1 373,1 415,2 788
61063,Verlaine,2 179,2 182,4 361
61068,Villers-Le-Bouillet,3 359,3 477,6 836
61072,Wanze,6 859,7 151,14 010
61079,Anthisnes,2 080,2 140,4 220
61080,Engis,3 139,3 157,6 296
61081,Tinlot,1 352,1 425,2 777
62000,Arrondissement de Liège,306 929,321 452,628 381
62003,Ans,13 936,15 053,28 989
62006,Awans,4 547,4 797,9 344
62009,Aywaille,6 356,6 524,12 880
62011,Bassenge,4 457,4 571,9 028
62015,Beyne-Heusay,5 796,6 222,12 018
62022,Chaudfontaine,9 875,10 725,20 600
62026,Comblain-au-Pont,2 560,2 759,5 319
62027,Dalhem,3 751,3 961,7 712
62032,Esneux,6 240,6 587,12 827
62038,Fléron,7 698,8 682,16 380
62051,Herstal,19 808,21 006,40 814
62060,Juprelle,4 800,4 933,9 733
62063,Liège,97 140,98 638,195 778
62079,Oupeye,12 487,13 256,25 743
62093,Saint-Nicolas,11 757,12 734,24 491
62096,Seraing,31 130,33 136,64 266
62099,Soumagne,8 433,8 918,17 351
62100,Sprimont,7 367,7 774,15 141
62108,Visé,8 828,9 326,18 154
62118,Grâce-Hollogne,11 443,11 818,23 261
62119,Blegny,6 592,6 890,13 482
62120,Flémalle,13 035,13 967,27 002
62121,Neupré,4 875,5 135,10 010
62122,Trooz,4 018,4 040,8 058
63000,Arrondissement de Verviers,143 493,147 263,290 756
63001,Amblève,2 846,2 766,5 612
63003,Aubel,2 105,2 147,4 252
63004,Baelen,2 267,2 220,4 487
63012,Bullange,2 877,2 667,5 544
63013,Butgenbach,2 827,2 825,5 652
63020,Dison,7 522,7 738,15 260
63023,Eupen,9 820,10 273,20 093
63035,Herve,8 809,9 041,17 850
63038,Jalhay,4 362,4 415,8 777
63040,La Calamine,5 512,5 840,11 352
63045,Lierneux,1 856,1 788,3 644
63046,Limbourg,2 780,2 874,5 654
63048,Lontzen,3 040,3 018,6 058
63049,Malmedy,6 285,6 665,12 950
63057,Olne,2 072,2 070,4 142
63058,Pepinster,4 564,4 710,9 274
63061,Raeren,5 491,5 645,11 136
63067,Saint-Vith,5 015,5 056,10 071
63072,Spa,4 720,5 092,9 812
63073,Stavelot,3 676,3 595,7 271
63075,Stoumont,1 574,1 576,3 150
63076,Theux,5 903,6 149,12 052
63079,Verviers,27 184,28 586,55 770
63080,Waimes,3 835,3 728,7 563
63084,Welkenraedt,5 139,5 325,10 464
63086,Trois-Ponts,1 273,1 274,2 547
63087,Burg-Reuland,2 015,1 946,3 961
63088,Plombières,5 328,5 443,10 771
63089,Thimister-Clermont,2 796,2 791,5 587
64000,Arrondissement de Waremme,41 142,42 929,84 071
64008,Berloz,1 692,1 652,3 344
64015,Braives,3 262,3 292,6 554
64021,Crisnée,1 760,1 779,3 539
64023,Donceel,1 556,1 563,3 119
64025,Fexhe-le-Haut-Clocher,1 716,1 710,3 426
64029,Geer,1 770,1 788,3 558
64034,Hannut,8 315,8 819,17 134
64047,Lincent,1 658,1 717,3 375
64056,Oreye,1 967,2 061,4 028
64063,Remicourt,2 919,3 090,6 009
64065,Saint-Georges-sur-Meuse,3 541,3 689,7 230
64074,Waremme,7 358,8 131,15 489
64075,Wasseiges,1 545,1 593,3 138
64076,Faimes,2 083,2 045,4 128
70000,Province du Limbourg,448 021,452 077,900 098
71000,Arrondissement de Hasselt,213 782,217 546,431 328
71002,As,4 084,4 175,8 259
71004,Beringen,24 189,24 164,48 353
71011,Diepenbeek,9 750,9 857,19 607
71016,Genk,33 581,34 296,67 877
71017,Gingelom,4 377,4 355,8 732
71020,Halen,4 760,4 785,9 545
71022,Hasselt,39 521,41 307,80 828
71024,Herck-la-Ville,6 374,6 467,12 841
71034,Bourg-Léopold,8 336,8 271,16 607
71037,Lummen,7 752,7 568,15 320
71045,Nieuwerkerken,3 555,3 740,7 295
71053,Saint-Trond,20 473,20 996,41 469
71057,Tessenderlo,9 435,9 576,19 011
71066,Zonhoven,10 808,11 037,21 845
71067,Zutendaal,3 748,3 636,7 384
71069,Ham,5 666,5 672,11 338
71070,Heusden-Zolder,17 373,17 644,35 017
72000,Arrondissement de Maaseik,129 569,128 900,258 469
72003,Bocholt,6 946,6 807,13 753
72004,Bree,8 405,8 562,16 967
72018,Kinrooi,6 259,6 147,12 406
72020,Lommel,17 523,17 390,34 913
72021,Maaseik,12 851,12 972,25 823
72030,Peer,8 334,8 251,16 585
72037,Hamont-Achel,7 352,7 155,14 507
72038,Hechtel-Eksel,6 583,6 382,12 965
72039,Houthalen-Helchteren,15 448,15 448,30 896
72041,Dilsen-Stokkem,10 596,10 750,21 346
72042,Oudsbergen,12 033,11 842,23 875
72043,Pelt,17 239,17 194,34 433
73000,Arrondissement de Tongres,104 670,105 631,210 301
73001,Alken,5 918,6 000,11 918
73006,Bilzen,16 168,16 614,32 782
73009,Looz,5 739,5 841,11 580
73022,Heers,3 787,3 806,7 593
73028,Herstappe,40,36,76
73032,Hoeselt,5 025,5 055,10 080
73040,Kortessem,4 366,4 391,8 757
73042,Lanaken,13 242,13 124,26 366
73066,Riemst,8 494,8 402,16 896
73083,Tongres,15 859,16 279,32 138
73098,Wellen,3 753,3 737,7 490
73107,Maasmechelen,20 088,20 131,40 219
73109,Fourons,2 191,2 215,4 406
80000,Province de Luxembourg,146 990,148 156,295 146
81000,Arrondissement d’Arlon,32 634,32 931,65 565
81001,Arlon,15 599,15 711,31 310
81003,Attert,2 903,2 894,5 797
81004,Aubange,8 861,8 984,17 845
81013,Martelange,1 040,1 024,2 064
81015,Messancy,4 231,4 318,8 549
82000,Arrondissement de Bastogne,25 502,25 349,50 851
82003,Bastogne,8 391,8 530,16 921
82005,Bertogne,1 904,1 863,3 767
82009,Fauvillers,1 232,1 221,2 453
82014,Houffalize,2 734,2 573,5 307
82032,Vielsalm,3 985,3 955,7 940
82036,Vaux-sur-Sûre,3 126,3 143,6 269
82037,Gouvy,2 753,2 721,5 474
82038,Sainte-Ode,1 377,1 343,2 720
83000,Arrondissement de Marche-en-Famenne,28 770,28 897,57 667
83012,Durbuy,5 718,5 788,11 506
83013,Erezée,1 664,1 681,3 345
83028,Hotton,2 812,2 894,5 706
83031,La Roche-en-Ardenne,2 050,2 050,4 100
83034,Marche-en-Famenne,8 836,9 136,17 972
83040,Nassogne,2 957,2 778,5 735
83044,Rendeux,1 379,1 328,2 707
83049,Tenneville,1 438,1 443,2 881
83055,Manhay,1 916,1 799,3 715
84000,Arrondissement de Neufchâteau,32 909,32 992,65 901
84009,Bertrix,4 448,4 569,9 017
84010,Bouillon,2 685,2 692,5 377
84016,Daverdisse,718,708,1 426
84029,Herbeumont,913,837,1 750
84033,Léglise,2 984,2 855,5 839
84035,Libin,2 668,2 683,5 351
84043,Neufchâteau,4 131,4 129,8 260
84050,Paliseul,2 771,2 759,5 530
84059,Saint-Hubert,2 824,2 869,5 693
84068,Tellin,1 246,1 293,2 539
84075,Wellin,1 548,1 599,3 147
84077,Libramont-Chevigny,5 973,5 999,11 972
85000,Arrondissement de Virton,27 175,27 987,55 162
85007,Chiny,2 654,2 654,5 308
85009,Etalle,2 983,3 041,6 024
85011,Florenville,2 820,2 967,5 787
85024,Meix-devant-Virton,1 387,1 432,2 819
85026,Musson,2 280,2 388,4 668
85034,Saint-Léger,1 832,1 884,3 716
85039,Tintigny,2 319,2 286,4 605
85045,Virton,5 545,5 823,11 368
85046,Habay,4 300,4 423,8 723
85047,Rouvroy,1 055,1 089,2 144
90000,Province de Namur,247 555,256 340,503 895
91000,Arrondissement de Dinant,55 900,57 273,113 173
91005,Anhée,3 518,3 617,7 135
91013,Beauraing,4 615,4 875,9 490
91015,Bièvre,1 722,1 754,3 476
91030,Ciney,8 318,8 865,17 183
91034,Dinant,6 515,6 813,13 328
91054,Gedinne,2 339,2 342,4 681
91059,Hamois,3 714,3 755,7 469
91064,Havelange,2 645,2 783,5 428
91072,Houyet,2 534,2 649,5 183
91103,Onhaye,1 625,1 606,3 231
91114,Rochefort,6 278,6 438,12 716
91120,Somme-Leuze,3 053,3 046,6 099
91141,Yvoir,4 586,4 550,9 136
91142,Hastière,3 156,2 992,6 148
91143,Vresse-sur-Semois,1 282,1 188,2 470
92000,Arrondissement de Namur,158 574,165 285,323 859
92003,Andenne,13 747,14 440,28 187
92006,Assesse,3 644,3 681,7 325
92035,Eghezée,8 308,8 558,16 866
92045,Floreffe,4 018,4 064,8 082
92048,Fosses-la-Ville,5 156,5 262,10 418
92054,Gesves,3 744,3 737,7 481
92087,Mettet,6 641,6 888,13 529
92094,Namur,55 472,58 670,114 142
92097,Ohey,2 638,2 588,5 226
92101,Profondeville,6 025,6 293,12 318
92114,Sombreffe,4 117,4 271,8 388
92137,Sambreville,13 853,14 762,28 615
92138,Fernelmont,4 065,4 145,8 210
92140,Jemeppe-sur-Sambre,9 554,9 671,19 225
92141,La Bruyère,4 566,4 785,9 351
92142,Gembloux,13 026,13 470,26 496
93000,Arrondissement de Philippeville,33 081,33 782,66 863
93010,Cerfontaine,2 506,2 485,4 991
93014,Couvin,6 820,7 087,13 907
93018,Doische,1 461,1 491,2 952
93022,Florennes,5 666,5 712,11 378
93056,Philippeville,4 747,4 774,9 521
93088,Walcourt,9 077,9 388,18 465
93090,Viroinval,2 804,2 845,5 649