Nom,Commune,Revenu
Sint-Martens-Latem,6da640814defe31fa2565b1e8ef74780,32962.0648
Knokke-Heist,b73941f0949eb8e529de011a213c6fad,32644.49713
Keerbergen,a8f25930a66fe71a5925992675509d65,32053.64088
Oud-Heverlee,2b8bc546f7a500972bf7ba835c99e2a8,31232.44685
Hove,534f8c079d9a2406ce91ca0cfd430ec8,30755.38696
De Pinte,5d45f7722b44d301de7ea89fa3e0873e,30605.80373
Lasne,c2b762540d3d943ad3383138dabc1b8f,30396.28887
Schilde,5d1cbef5698f39ad7584d7aaed7c75f2,30096.0705
Attert,b3c8ac8004f272216391133f9700c219,29904.45211
Koksijde,c49d789dff7e74fe1fdc154fe4b122a7,29879.29762
Bonheiden,c38a1265247aed7c69de15d208fb6ef1,29557.95966
Bierbeek,1502265d193314133078ab86a8575a9d,29223.76878
Chaumont-Gistoux,b089eb12c7e9b75420908beaf30346b0,28981.6981
Herent,14248231bc2ece7e8b8296166615f4ac,28872.12851
Rhode-Saint-Genèse,38d2019cc16eb76d13c981ae9266aeee,28609.47438
Lubbeek,e2338a39be41df76f72db7e145d50244,28582.92193
Zemst,c861da9f88c327249155d73b6afeb675,28405.56221
Holsbeek,4a9778ebca7484306cff1d83c2c0d198,28347.61661
Bertem,11ec2dd8624951cca31f6a73760c5f96,28247.85006
Overijse,f58055aea298caf422eb40932aec0d78,28221.58942
Neupré,1af9295ca1197c4041b1362a37e61410,28167.14029
Tervuren,04a7de2afaf62289ff4ce4473aad3fdc,28113.7492
Kapellen,864b83187a00fb062fc626caba9a64fe,27989.69034
Lint,9cb27b4600fff478d2bd97aaa16fc4ce,27879.87028
Rotselaar,a5176b99ebc4f8be806b390d22d7ea8f,27722.78367
Boutersem,a950ec4fa002c7aa372f1d250315428c,27659.05119
Waterloo,f0e3cb6ef3f369ed09074cb01639b989,27615.11046
Kampenhout,c39f007e7975301ede15a7c745ccb99d,27578.83406
Huldenberg,e9f385e6c2f4ca59502ddf62b55dc5ba,27576.89696
Kontich,51dcc8db85c4ca173824019eb9e7cbd2,27536.00753
Destelbergen,0e279243d0f2e9ccd287b5714d3e9956,27485.21237
Meise,8eaff61f37634ddda3612a34222db474,27475.11441
Boortmeerbeek,d4daa5565084f3f92087497a16b97191,27423.16509
Hoeilaart,bb04bef33e7ad8a81c828f148827c37a,27394.23249
Nandrin,cec6ce1a43e8edee7671a6c966fc2d4f,27341.35477
Waasmunster,abf74c0bdfe8b51f65d26729a8bdea0c,27319.98821
Horebeke,9b24b118f8168e3963a263092b67b0f8,27318.29829
Merelbeke,da4fae5700c279f8a9bd0ed832ed699e,27277.11074
Chaudfontaine,3f5de59dc5ed34be174cf8d9a881799b,27244.31274
Haacht,6e0511c292d7ba2a602c6d0e88798a66,27165.24703
Hoegaarden,791ab66a0dd6a83cfd2fbace8658c8f5,27107.95267
Aartselaar,84e0b5237c63f05a5c5cd5e0012a7871,27033.87505
La Hulpe,d3e1b40bc32a053b5ea930d283ebfc94,26969.28432
Boechout,d76ff52562653040983ddf1c514fdf7c,26965.52749
Kortenberg,68cc0b92338dbec44615e755f7044dae,26947.6319
Lennik,431a557c7ea0fcca9f2f72eb39ab8e76,26873.40138
Wezembeek-Oppem,8be8a2c2b934f45d323dfcbd7aa7750d,26822.2615
Rixensart,9af9553b83d76644f85ef1bbdf3cebf2,26798.60087
Grez-Doiceau,08067e406ffb46a0150f672806dead39,26740.96511
Linkebeek,f62ff99f78fdc9655c2e7c7e1c4ab59d,26623.48399
Tremelo,1319ef337d7b6149b18343c1d52ae3d7,26603.47609
Pepingen,39fd055445ff117b639228e9503d9830,26596.71742
Edegem,89f09046b34517d14fc766594ac416af,26579.68068
Oosterzele,df4ecc8dfd2537f2c894a3e627ba795c,26535.27645
Melle,dc2cb25701244a4b923f815effe80e6a,26368.06773
Brasschaat,d0e6a2da53acdb5bb0fd24856e24d424,26355.06284
Zoersel,f0b2688b9f32b70f55ffbc74e4371090,26288.34761
Gavere,a0a16f119a6cf7d166fd5a4394f2158a,26280.11281
Kapelle-op-den-Bos,4d10634f465832f3b418fca27b0dabd9,26261.5921
Olne,3b1d9107c1a3bab32fd3a7ce006f732b,26255.34039
Nazareth,0450ff7961062baf715cb5f1c9e3b6c9,26194.89448
Lochristi,d35b94a1a9a7e5e8c2f23db85d5ea473,26158.7522
Esneux,386561b78146361d42f13e94c36f43ec,26151.09406
Donceel,93be2ce43c733d3481563e447b47d233,26079.20919
Laarne,f92fd47b6b703af4ccc540dd6a46dcd3,26058.6961
Bornem,dd18152a516e7645e8e2175809ccf33d,26058.25247
Glabbeek,df16663ab089218180195d8f0650e4be,26056.46587
Ranst,bea4bc43b02815651718df6f16b119b8,26048.12801
Maarkedal,08ffd1b397bb78a8191bedbb8250832d,26025.25213
Messancy,d9b28aec283cfced4176c353c766f515,26005.45424
Ham-sur-Heure-Nalinnes,08122e8b0d32af68301a666a092f92e3,25983.3697
La Bruyère,8ce368f419933a50ee1d23b979cfb00d,25965.84464
Beauvechain,1eddb9f73beb5bb0970085a3f4a86061,25965.72295
Roosdaal,9dba08372011be5299a4e4137d2d6607,25939.81259
Walhain,cd026e43713e23ba53f649aadb0dcf92,25900.1919
Gooik,5ebdd00942da19e3f6558333d7404bd0,25848.52678
Jabbeke,e15b9e5d45bd7f97dc77d4599742606e,25697.87069
Londerzeel,95a900b5c1c8601eda007f1631b003b3,25663.42863
Puurs-Sint-Amands,5170ed3b76b83219c938d6fa2b3ded51,25661.90488
Kalmthout,b4f700ce8cd366acb8ce87f028c861b6,25632.41232
Schoten,893d0ff1c564e47e683f33d0d8a74333,25612.48908
Wortegem-Petegem,ba4159db239fd80867d03e709959a7ac,25586.70721
De Haan,c4c5189236d36f3b0fa459e8ff7c083c,25573.38996
Stabroek,7ce34eb7d1830876f32e915288546cd0,25523.55768
Steenokkerzeel,252aa6b0ab40fcb6dafe6e34b896b582,25517.77616
Rumst,e9fe6f3101f37b8d7ec62b601eca62d9,25498.78934
Herne,f42bacf2a2a228395b3f075f5dd703c3,25455.87606
Kruisem,60001b1b67554afcb91bc66a9554a9c0,25448.48912
Begijnendijk,ec316ad8f555ce799ae021eee387bedf,25442.92629
Verlaine,8e1dc314494fc7476bbe5b78346cbdaa,25383.65958
Braine-l’Alleud,622eed0bcde808514f87ff27669e6288,25380.11961
Mont-Saint-Guibert,b9a5c7d7001b6a5fc3d3aa0676bcce27,25369.82886
Kraainem,483cecefcbf0ee6315255915e3654b82,25368.95871
Sint-Katelijne-Waver,698a1c027205e882f89d08a7fe163a84,25297.10329
Affligem,d4ee505cadd43cb15584e6e44b7df232,25289.39891
Chastre,15fdc7040d027ea66177ef2c525ebd9a,25277.51781
Lede,c64879a60a36f2956903dbb0ec743057,25273.48932
Buggenhout,1d02c74ec24f94180c5e3a8e91f0f798,25258.55222
Sint-Lievens-Houtem,50ae9e022764d4da6b91eacf307eda45,25254.61177
Merchtem,e22d2565aba3cd94f6b6c012957a05b0,25246.11409
Gammerages,06f7b5333798dcd51e9b51cc611af24f,25228.26417
Zwalin,92b687ef538fa313e812523eb7af9df8,25201.73715
Braine-le-Château,0cab36a786a5bc06f745ffd3f046efdc,25198.21638
Genappe,91e7e2aadc3a62ee4178f21a7e8373a6,25189.90881
Zottegem,a4a00d4a9d0fd2d2fe80425a856248cd,25160.86076
Opwijk,1fc732ba7719c3f89e0f1432d82e0e39,25159.40587
Etalle,6c987f5e266bc9aa7d6a266e0bca8379,25151.7017
Faimes,de0ecc138cbccc570e8b4d2c36be3d95,25129.738
Tielt-Winge,d3cbe93f43162ca297e6a388a904c5f8,25097.58897
Beveren,191524124f8d64683cd7c54f5dd6433d,25078.86301
Silly,41c894c3cbf81478d697cb55d14ab4d5,25049.15627
Aalter,fdfbc204fc8238e5cd7ed4afd9924cc1,25044.52445
Erpe-Mere,529e069fa24242833b650b48dc4ea248,25026.31597
Zandhoven,4379cdcd2d492303e14eca2b84b6f748,25004.4416
Zuienkerke,ad4a73c509818cf5d979b15b0375aac0,24989.75832
Burdinne,9145a3cb13648b8bfcffdc70a1ed5b41,24981.74031
Ittre,0ae650e09f77ba1c4fe0582c8fa46dca,24980.34168
Gerpinnes,5147a99258adbf6734c9ee4931b4b9ff,24970.93796
Herstappe,0df0543d7c0276b9778f09841b44ad05,24952.97948
Brecht,317949c9e16ba7d731de944284ccb562,24947.11223
Putte,83f2c1d714fd92f157be5a17c4bea8d6,24942.0214
Vosselaar,61a8ef478a717ba7f37bf60153ab9bf4,24901.34846
Ternat,a55da2d35f0f5f8185f219aa67525e2b,24896.5917
Kaprijke,7854aa92e735cbaa3573749f7025c163,24895.85827
Aarschot,af4c11126a0390c48f05d501909dc97d,24892.6745
Villers-la-Ville,d86129084c4607db964e9f54c0e93a79,24881.57319
Beersel,a2e3748cb7c3e12c99bf679fe85aa1c0,24872.31234
Duffel,711e84c62765e95d83588ba8be9b4ca7,24859.48497
Dilbeek,ef6e99e4c47694e4cfd2ccbfd7ea02ac,24830.57465
Arlon,1364da8117b4bb97fe72c290a2045c91,24812.89955
Grobbendonk,cf2c8566381f1db435447aee3b359da0,24811.08811
Grimbergen,911f01eb882dadaacdc4c8e00107d7b7,24802.85235
Deinze,6a6644af62daf3604e80d46d8fa02dce,24782.86828
Louvain,71cd87984380b93fd5ab624240d83a35,24776.49803
Sprimont,b30f0fa88320343e05f176de8c79497a,24734.221
Herzele,9b9ca0e17bab82c173c2c4f289b21df4,24727.16234
Schelle,921bbb45f38e77f26c84b42edabd6f8b,24701.8321
Sint-Gillis-Waas,3c879a2822f2d00d61c944e572608b1d,24681.829
Jalhay,cc64edbf1cd904a84c9fcdf65fe5a657,24652.8095
Lievegem,47276ff132d1d5f12b2fddb51f02cd55,24618.84703
Kasterlee,667a0e60ec779c3048f9622686dd1a3c,24617.06643
Haaltert,4d1213a002fa3c91c7a0ca9aed0c69e4,24603.33835
Incourt,73508a21b8a2bead284c23dfb0504b83,24594.34624
Montigny-le-Tilleul,720ee9c171f4c7233fad4f52ce5bd989,24567.25153
Hasselt,00aafe1e8c9ecc70c84e9deacd71176d,24567.25123
Linter,941cf8b1503c5391fe549fe77e24145f,24567.09208
Nivelles,533b82c5c7f6c8ccd7e9675351312bad,24523.69776
Evergem,87e9fdb17b6f5dfa7daf30ee9723efbb,24510.91977
Remicourt,fc1cad401b532864f87878555b393088,24495.54069
Geer,a263dccfc9c3f52b7cdb4fc37c29f151,24478.49108
Wichelen,46db29654e4d8bfb8cfa916f0f99a61b,24475.32206
Mortsel,fd900f17d743b24091bded858c278aa0,24474.32753
Crisnée,ca0415121b058bf9fff80e3f60b06942,24459.76549
Bekkevoort,825ba4206968a9a49acb1b2d3973bab5,24459.64123
Les Bons Villers,b5ce7a2f2fc4cd9b79b881ade5c179da,24447.79865
Tinlot,00d32405a2cba4ad456091c7c53d87ab,24443.53156
Woluwe-Saint-Pierre,ffb7373e8d795a1c6296fc89d8af4466,24435.73197
Beerse,e7d0cbad466c0916ae198ff9c77ed5d6,24412.88215
Gesves,636336345bb5c15491b03f1f565c3632,24376.54416
Alken,e32613d5dfedc70dacc1a15c368ef31b,24338.68777
Oostkamp,7d6f13f3947d169fe33e0dee1ddd3f7c,24335.69392
Fernelmont,2046ed35ba53858e2d325864ff94e461,24333.69772
Wavre,cf6f12faa694b67a614d08abaf1c890a,24309.03252
Malle,6dd2a4d76765fef996ded4aa2f11d741,24308.84365
Moerbeke,3aa1fe8b4e8992f98544d9b43ec0cd4f,24253.25426
Damme,1a97face50a2adb911f6cbff9e789e02,24212.90796
Herck-la-Ville,47a014ca61036ef7f573ec0377f94832,24192.86689
Lierde,0f21cafd02ca58717f3f584320c7a9da,24189.11191
Hannut,195c6221fb091975c14b61b1cfb1b4d3,24175.02023
Perwez,751f71bdc920f848a56b3d9f0dcd74d3,24169.1196
Biévène,f56a6d74fab5fe218d46e8ee213912b4,24148.31906
Halen,a003ed7304b803642fb3e7078c50e0bb,24139.1439
Assenede,ec206e923667de0db5db9133154b393f,24118.86925
Uccle,1ad7684665d6f876b1f99d8edd4e364b,24117.42488
Diest,30d322c7a9029810178965f721c56bde,24117.0775
Kruibeke,38f3046bba5789bb188d42264fca3282,24111.1325
Stekene,b0b1f922a2b6cbef8995a654e7e61bd3,24095.73685
Habay,dafbb54c19e4e067a33fcb9220375626,24067.32807
Kortenaken,ea7aed033a994ad3dc6d57eaec825622,24066.06131
Landen,309829a329cef5dda23bdaa6499f3c30,24053.25821
Retie,b38f4d256f834f2540d2e4af318e61f6,24051.74851
Oud-Turnhout,fd3470966cef8c5682e0492d00977642,24049.57218
Nijlen,e0973c747c74058f920cde8f44008a76,24041.25713
Zedelgem,c65735cbdb42364766513a40c97306ff,24017.8458
Lummen,c42a762fdb171c7d5c8594b7e5733118,24013.63097
Bruges,98ccc0a7e399e7a895ee81fb09ff37fa,24012.69466
Héron,7c415cdf1ccd2a633e2d8acb306e9e01,23965.20199
Wommelgem,d59beaa9e8e2db2d02cc7e8bc1f3dd22,23959.3113
Wellen,b1fa932269a061272773819ce3123d44,23955.80087
Profondeville,2333988e7f516063700143ac95ad29ca,23947.48311
Wachtebeke,9159892f73a49c0251fb3af589b49216,23941.91588
Nieuport,f0deca56cde01cfc0d42c19ac0c7cef7,23939.59548
Brakel,3614ea7e1151ef971fe29633e31bfcd3,23926.0693
Wijnegem,75089ddf5b49723af7722c3ace9f09b8,23914.05528
Dalhem,77e3c02179b8ced6c8375dd0d84c82c1,23895.98066
Gembloux,3f9064d4e6d7ad22a482d9db2f3e786a,23875.45566
Tessenderlo,80337cd9af806be7a6032c36f504464b,23874.87318
Eghezée,f0d1aa7126efa8d8fb9be51cbc3f9dfd,23871.76385
Saint-Léger,8b3f8f3b376f510525fc0d50b24b48da,23870.15082
Herentals,592e6fc52c209a8d1175f71ce4d6cc64,23865.88668
Audenarde,3d1952cd44307d54e5fbd89291cdb9ee,23856.84139
Anthisnes,dfabc15ee06eb86e4f06126816533f33,23855.82337
Heist-op-den-Berg,b9ce057724f680846bf74dba94793fac,23843.45669
Theux,2f164455a9b30925c1df7f841fee1e47,23831.74413
Montaigu-Zichem,c57617c261824f09bb232806f95d718d,23822.20272
Westerlo,838c742167a464c9a1249b10668e7b78,23796.79296
Léau,d314a96ca58a42ed76d83f1e9ed96873,23784.21171
Berlare,354636d0a546422273113a27422f22aa,23775.03535
Jurbise,a70f6fa7ab7c7e3a45a50e2eed69931a,23759.73358
Gingelom,ce60938f8f4dd8f2cd5faad45ba25e5e,23742.18287
Zonhoven,cd7caea3353da0846da1a26672160bb7,23727.51766
Seneffe,599fd82c14a2b75edb590c59e7949412,23694.67567
Lierre,79c8ee9705af751a4acdabc1cd35ccf4,23688.56121
Fexhe-le-Haut-Clocher,d11374850309dcd4e811396e0b510f45,23665.65493
Assesse,8bd3ad0d5312fd77a2efbe27e5bb36c3,23659.58508
Court-Saint-Etienne,7179e41516216bffd76aa0c18caa89d9,23658.14101
Geel,ae44798f5a888b6523b76b831c69e9a9,23650.12629
Villers-Le-Bouillet,46c5c09c9f8088795d93be3852543c43,23643.18699
Herselt,9353f41bf0e7b7c449eed18e8db95de1,23613.32549
Diepenbeek,ad74500a0c17418ff3b7ce7e25e32879,23611.6361
Anzegem,5e69755c5a5023956b6c5c68480e9d6c,23611.40037
Hulshout,082f196ef96c4dd8147b646aaf3361e4,23604.52662
Beernem,d2061a5c8b51c2b62640ac106a632296,23577.01793
Lille,91fa3f4be4175c22312b95ed7c9532f4,23564.21629
Kluisbergen,ab315edb48ec5a22f3968adf343e98ab,23545.51457
Lebbeke,72e9101d9d7f959a8aea41f413190cee,23525.73236
Wemmel,66e8d567bba949c3138e00a830cacb87,23524.28858
Olen,5b4601d4e431b67536e0d287bfff3b35,23519.35747
Kortessem,0d18259d4a6e370c0ae2de2622af7619,23517.00992
Orp-Jauche,41bba19aa987815313d9dd8de2da0124,23514.5328
Modave,033f6535581b2f52b81bd7113c7553b9,23499.36842
Zutendaal,c1e7741639591368dc1de9b79c78e1ea,23488.95967
Vorselaar,b46f71fb8b6192385a6e00e9cc4f3886,23476.04392
Laakdal,ff0a561194ef4dfd970f03e95d06c46c,23435.8627
La Panne,fe69fcb4d21c168b951735b99330810b,23403.63149
Berlaar,129df36840cf53b3eb8c4d27280d9660,23395.42129
Termonde,70e9477d9f9130b361154960c72c184d,23389.20294
Watermael-Boitsfort,48c5df0e0852e368959d3e11252f82cd,23378.68099
Juprelle,7ad2d4cacbb6f0d059e203b2952afc88,23378.12716
Zulte,5f56b06f8e9c8caa200fd92fd0b3a3a1,23368.72915
Thimister-Clermont,280abf1f9c8c2a058c13bee597f31c90,23366.93108
Ramillies,cc7fa8133fd2a6f20686db8563301a18,23326.20657
Blegny,7c2251b816d3c99052bb921f9cc06200,23321.40782
Berloz,d9fa87a38b1d87d2749e276b140be0bc,23291.26928
Middelkerke,e19f840a00c22f6ff6f80456deaba405,23290.06867
Braives,53cac9040bafb7fcc4db6639af8bef5c,23279.85781
As,2543214dc76d89864d3c810a18f3ddb1,23275.26996
Pont-à-Celles,d5e761daaffd61202dd7f5cdf63e85c3,23253.70269
Floreffe,654f4fd381004c9c63a1b8fce04e2ece,23234.76703
Meerhout,0498ab4e82207f4fed097c0773bfe4d1,23214.88764
Mol,b2b8fead34b714c1b279b3772f863c40,23199.51106
Deerlijk,b0c9d97b0a4602a37fee0acdf40f7884,23178.80261
Aubel,0f8d1d587bf0b357237c1841064d59f4,23173.41618
Jodoigne,f0d67031bb9e4c10c22cf2f123155a6d,23151.90605
Hoeselt,546733db5d6e0cca7f4af1f0bf6d5be7,23145.62342
Awans,a2dd4b8de62ed58fd8a5e9d3beb58b46,23143.39836
Sint-Laureins,2e57d2cf087b09ee2ebb547a0a766faa,23140.73883
Wuustwezel,2d9a8ccf09a9cfc45ff47bdc46707b12,23140.71523
Zwevegem,52c330b1a257f9bd4838323bc72b9948,23131.61487
Tamise,e81c3163505fd3a8b8bd8f8e2d0a23df,23106.21547
Lincent,edefc164601cc125e24640314555bc7d,23090.53081
Wetteren,108ac7644dfc43e7d6ec50002b0213b1,23082.41324
Waregem,ceb8a0607a626357f29d0347533e259f,22996.71723
Bredene,52678caf37fd2df016c6445f133829b4,22987.97736
Yvoir,e130e10b0c5fbe070ec8ffa4ee538d71,22961.95441
Oreye,926da85d84a7b788a79600afa10a5321,22951.49226
Zwijndrecht,398437b2d407b3687634a3e921be1edd,22947.47679
Herenthout,3b009586c71cf4a4fd3bfa72ff18ed24,22940.11993
Alost,edb455b53c563b71972af4b052714992,22937.31966
Ham,44182b6ae3229773dfb3043add8b69d4,22912.65697
Ottignies-Louvain-la-Neuve,ef84c6100ea08065c90afd7efda55469,22876.85553
Tirlemont,68368bf82d66d4e370c3eb73199f7704,22844.95566
Clavier,d29a982b907b9b44261a22c3c489fe21,22810.9653
Marchin,08a17004e33b13fe7a53405e172737dd,22799.569
Stoumont,2892b3751215b70d214ed67cf8ebcc92,22798.39971
Wanze,9804cad88f215694c3eea4c8c635b8e5,22795.44511
Malines,8a373bfd569cc678c8d13f02c144b3fe,22765.55166
Hal,cf12e4ad33f3d9cc645e51b35a4fd571,22745.90027
Nieuwerkerken,eca523446b7f1bebcd05c1b94e32689d,22735.2463
Waremme,2521b4b13b20fc7a291b73215543cff4,22730.83593
Ellezelles,9d4bbe676721a919aa62047192cdb0d1,22727.10111
Sombreffe,1733f3c940bd86db940d774a1716ed3e,22712.85564
Raeren,13dbf0252db4a254d5f7ac175eb3e221,22699.48718
Asse,788870513b7139334ba4efaf29e0281e,22661.34192
Ruiselede,ad83264d12a41241819a8ca0fe8c49b9,22614.17267
Ferrières,3633dc3d7a560e704c4b06ba21fd61bf,22610.98799
Lendelede,f7c7379ffa9df9d5d09c83ce281bb5f8,22608.95982
Balen,1ed4b059ca782dc3adec429d4a12af8f,22608.20883
Maldegem,c78665208da9515ddd5fe0bb27c1167a,22606.29761
Hélécine,0eb5ce72bf313a4be6378d5d0579e1bc,22603.94756
Lichtervelde,461e2b56160c8252d944c3fb39efb194,22602.12165
Ninove,b95d2b52b4862d27d3ae333f61828856,22600.93626
Flobecq,43697fc409fbd42ca2013d5985000f01,22594.06317
Auderghem,c597fb81fe74949146881d8317ccf47c,22584.82525
Oudenburg,9bca5e152c2992a20496af8439e5cb11,22562.66784
Gistel,00c2e4b3041474bd1f275c606beb658a,22561.77039
Geetbets,4e2c0c57995a96de2163ab412a78c8fb,22554.29932
Merksplas,948e94f979b4514a4cbf08d9767a57c5,22554.08369
Bilzen,e04849f17a48ecd120101f5b6abe1606,22533.45324
Saint-Trond,f81ec9128fa5c5f56dc7e799144e6925,22522.3793
Grammont,9ce23192474584ce94568cfe06417ab0,22500.29447
Hooglede,dea551d68a1430d2e95429f9f24546d2,22478.51302
Looz,08af2a37525eecf85444cd2de5bdfe18,22477.36918
Enghien,b3937fabb8c7135488ca60480e51d149,22470.77089
Le Roeulx,dd7972318956707af2272bea5b97670d,22470.65296
Dentergem,2b5d31785cf71400ca340e7a4c9ae698,22469.93799
Wingene,aefed8ed3beaf249f700056baba7526e,22464.61285
Quévy,599837a694585d9608679501eb088ccb,22461.89545
Wasseiges,b344e4d6c967ec3fd6492acc010efdb6,22454.15877
Ouffet,2b310622d78c0ef61f20eff46e9be801,22438.83634
Hemiksem,a33fee2a3c2cfbd877c7bac3fdebf145,22433.55346
Thuin,b52e133125f9f9807a12b1922ab1debb,22421.95492
Torhout,72cf3b746275a51f902dd4518bc79895,22408.73554
Gand,675866debd99f0481b20d0b7161e97bf,22383.99995
Wevelgem,523b90d573bf482fc7641a26b9468f8f,22379.31092
Saint-Vith,dc7e20907c9c7fea96a82c5a642a135e,22379.0318
Tielt,08b0fd8716dca79976becb318ada8d80,22347.24136
Liedekerke,307a5c030cf032337afa6cd8d6791081,22339.16287
Courtrai,1a64e31059315312642dd23be30004cd,22332.605
Lanaken,7e4706f281ba4f62d6353b0edb6d3509,22308.099
Lokeren,68b6987ba45edcc8bff00c7645831e5f,22306.49093
Lobbes,3d82ededa5a85a54dacd156cdf364b25,22285.48122
Essen,f503215f35f61fb10a3e8bc7ff2f218d,22280.46504
Herve,faa937e06dfcd03f03d8f9893062c48a,22264.10451
Blankenberge,d9d0286ecf2b384ae0f7c3897a4c38a3,22262.43373
Ath,b19ad2dcd488ebfea7cc0ffef96c957c,22246.93724
Oudsbergen,4ae55b69468b2c9536bb981b97ef8a06,22219.40454
Niel,8ae3cac48499e79e0e3cc1d4435c709b,22205.83069
Hamme,60b7dd39c93defd99bdf057f65bd554e,22191.41562
Tintigny,22610d0d70496b448b236f0c64241a4c,22190.5675
Riemst,018208fa30049eed0b2e518842f883e4,22132.67344
Zaventem,45311ce3076400bb57d8e393fb8d62e9,22129.82284
Ardooie,7d5f23637422233e41f48ce45afe203e,22123.53026
Walcourt,d3caa7278a997e6c8d7ae2d8400fb287,22112.38686
Harelbeke,bb78d045c5a07e23d0448ca84c81fdca,22098.72739
Heers,87b0d7d543788e59450d6121ed37b346,22098.01406
Baelen,a35860e14267eda536f16eda45e56793,22092.37409
Fourons,e415778ef79ee37e8dfc64920e875ae3,22070.49122
Trooz,038af339d6928055241e6d6a0fbe7d9d,22065.18224
Frasnes-lez-Anvaing,03e1384bfe3c571aa6dc4060e6bf9b8c,22036.0055
Mettet,b2e51cf238b285690c811804051521cf,22034.69941
Tongres,c1df550df1abbe6a6fb8f365468fe8b2,22023.73535
Denderleeuw,e215fa5bdf13635666d5c5df76773bd2,22007.7891
Avelgem,d73c424f81b82230ee314f48c912f238,21999.7119
Furnes,51d45a1ab0abea97ddd6c49cb09b9a8e,21946.36838
Musson,8be7eb5ff84ae9a95fb621bca8c2d41d,21944.93193
Rijkevorsel,b0ad872b941707a038eca4e09fa59993,21928.37154
Dessel,12effa30f5f752439c8282458fd85e3c,21925.05697
Honnelles,8784a787d20dcefb43a92b0d2f94677f,21915.57729
Izegem,a0c1f5d4654119018552cce1515e92af,21871.71108
Ingelmunster,8eaf4ce3dbcecad8cde1ab46f7acaed6,21848.89647
Mont-de-l’Enclus,529c3befd51e7ff89d06fc643340538e,21838.57062
Braine-le-Comte,7892b02f673b9817cf27d7ff3b0b659a,21819.85349
Léglise,639c275d9c62f9af9a9c802f32e3e857,21807.46163
Maaseik,ca18b8b47c8a2462f2c123549aff2f30,21806.97748
Peer,99f51fb18ad190f214561f1e98e237ff,21803.9487
Ohey,8a8ac6185d6ceabee7d889be3b4d2671,21793.49669
Hamois,6346d739cb727e0960d0b76071e35939,21791.90215
Hoogstraten,67db1c86f2ad638a3ce66eff72e6031e,21771.89136
Oostrozebeke,675eb44363b7124528d5f2ff6aef364c,21763.61015
Rebecq,a579f9b2d1ea2ef65bb4731258da0214,21754.13846
Roulers,5860654db7f3b0c999c6001b8c6bc23d,21739.28718
Ypres,357a6940342439cb71125404a23bbc1e,21738.95663
Meulebeke,25e21fc712d7683d85fa5d3ce56f762e,21731.29027
Wielsbeke,af83aa08b8b6839d47930412e21142f4,21713.9073
Willebroek,50dc79868e8335ee860db0f2f7c6bba6,21702.26413
Langemark-Poelkapelle,104bb2606c88367c9ac1a7880b397d17,21696.27889
Lommel,8bd89c2997c77234b90a125236208b0a,21686.65725
Eeklo,5b751db6543e9dace6cbf6aa46c9e335,21668.52859
Kuurne,da42d11e87dc46817927f77114c6614b,21667.59637
Aywaille,f0baa740557a7463f21dccc25ce9b30e,21666.18325
Ichtegem,6893be790fd10f7bd86e9e4f03d89657,21656.82519
Ostende,18af2325a51eb89b9a16184a1906b4a6,21640.23754
Bree,078e36e3afc079074bc695630d8ed821,21638.54219
Soumagne,8b8ed675bc1cabad89fa662d4d9716e9,21620.11138
Moorslede,8f3f01d02dd30714d75fab3c8a27545c,21588.30106
Fauvillers,a0ea68c6a4f98fff44332d97c9da2f0f,21584.61074
Arendonk,440c36f104df3cbe20d2629335601c48,21581.32693
Pelt,bc8c167a8d1139eca41fa356ee70931e,21578.12787
Espierres-Helchin,aab727c6b7b436a5f2cdfde27c4bf65b,21560.37398
Pittem,6abd8d31ebb6cf6bf5fe30ed259ec4b1,21535.78794
Zele,fd1ffbdbb69e9233774444b54adf5536,21528.97796
Zonnebeke,e26d733d82fa2b0381156b391d054497,21513.69809
Estinnes,2652165155d0c9436ae07ae8516cdccf,21482.94242
Koekelare,a5695ccf8fadcc3f9ebb408dda78f76f,21435.55493
Bassenge,c3771cfd3a4749d67e9b0a217a634a7b,21431.86695
Burg-Reuland,cdbae38255d3d95d6917cd20b2c4d617,21421.02508
Borsbeek,912ff617366bffc6833fa58d4f9e13f7,21389.64111
Hechtel-Eksel,ac33bb6359e9125a57792a5e758aac83,21384.28914
Fosses-la-Ville,03ee18d71b359bb7447bdf4697d25c7c,21377.28154
Bullange,3e41a8927c4bbaf59d632edc960df9d1,21371.19975
Ledegem,a9fe38b42c5af754f5c894f9d02d6f1b,21302.73002
Lens,e2c06b75d89b198ce6a744130716e4eb,21246.35909
Saint-Georges-sur-Meuse,51d29a19c389a5fe39b30f4a711e19a9,21244.39597
Namur,9ce1609e9d7e6838c2ecc8f5232ae3b7,21238.75778
Tenneville,81ca7ddd893d4a168331df0a80595a74,21231.93329
Jemeppe-sur-Sambre,3dd05eefe7bc4ac9af3f44d816c9af88,21212.54867
Brugelette,bc2c7c87c7b77e692b06c47feece4728,21211.93356
Ecaussinnes,9e2b129317686f55370077fde539792d,21138.95448
Dixmude,73e406096ad257928e34b477ea39913c,21096.37309
Libramont-Chevigny,ecdd838e16556392da1cd1d6eea38add,21089.33289
Spa,8e66d16e001a7149d102bf88dfa70db0,21061.30407
Chièvres,abb3149c3209acaf154e2a15a7fc8efa,21059.61266
Tellin,fb2c4fa35c51e860c73e09b4583fc678,21055.51317
Anhée,d6f398d554b47ab8a7ff3a4b10c44359,21042.77935
Somme-Leuze,0fa66869ce7f266b59d04872552a0abc,21028.94132
Libin,64d0ba1c96bfd7be79468795865636ff,21028.88406
Manhay,cf5db6b777106c128e3e48b7c2e25bff,20991.92208
Sint-Niklaas,499ed83e1cf737adcf8b9f9eaed35a4e,20980.62307
Hamoir,ef4c4e9ab2ec7e25349107b90fb69005,20974.73052
Erezée,ac7bfec85177f58a24b2fe181d77de50,20967.28604
Pecq,c994a438aff4cc52a0e9c4f774bfba16,20962.13573
Amblève,9603a79c1db3e6c9b936e93e69d2d472,20943.66165
Sint-Pieters-Leeuw,8cb2bffa7e5b5cc4a068e44287858254,20941.67994
Alveringem,c4112ed6db7424a0766d407b6d2132b1,20941.63813
Malmedy,eeca3ee765c72de046a00195f45bf204,20928.27505
Lierneux,6a07907a81e2bb95896abc9ce08ddb29,20924.09811
Limbourg,f36b67d7c3487f867aea5ef263fb99e8,20914.26095
Kortemark,ce7cf04b56effa1255ae8523dcf91c54,20913.27879
Heusden-Zolder,3b783a35cc993aade18c95c21577b25e,20895.47339
Ciney,9dc4d73d6829a3f6e1d860738625e1f7,20895.25181
Bourg-Léopold,7454c967bb8c2784cffbde2c10d93167,20888.37027
Eupen,05eafbbcd2f3630e43a03ed504206b39,20886.37879
Onhaye,3dc39e27f489603a22d8d95967714e2a,20876.8712
Brunehaut,c273133654bf5bf990005095e09f893e,20872.84685
Stavelot,199b60fb6b4ae898ea42aa154010c5d4,20867.11635
Lontzen,21f8241368a7c472e6314d11f688771b,20848.01004
Welkenraedt,a4b6fe3386cde84aaa38ae58c3bee5b8,20828.80311
Visé,baafa4bb5aee5e447cc891ecadb6b5ed,20821.59101
Havelange,6f2a9ffd809dfcabe1a017b7458c490b,20801.1573
Celles,41a5e96bad7fd28aeadea12b209a8a77,20777.2791
Zelzate,09517b12a3ba1f32191e8960a2d90f5b,20770.73768
Meix-devant-Virton,d9592b1b01f77df49d11f307d09ed4d4,20757.42142
Ravels,57f7d04d44ef47a4b227a29fc9bb33e7,20755.71401
Beringen,9e330f02965639617b9af556af4e8996,20750.9774
Soignies,ae520adad2c76e0f9bcf014cee96b635,20734.23283
Virton,3c45a8304cf3c4abbf448c10087ab016,20708.41404
Kinrooi,18326928b46907d966c0f88f6978fc7b,20676.46066
Tournai,acf9bce0e0a5741d491b619c33915337,20676.3471
Staden,82ee4928aba1745afd821a3239470efd,20668.33435
Cerfontaine,5979239cdcd78805d4555b7753aed7c1,20658.90254
Fléron,c820cd3521a291004b6bcf07ce80e5f3,20657.0401
Leuze-en-Hainaut,ba36c4ecd2e130e8455c8f4bbe5b802a,20641.60056
Dilsen-Stokkem,506cee7649e0a3fb01d1e23c432f22a2,20621.85525
Poperinge,7ed9aafef1ea18f42faecece322bfa19,20609.49701
Saint-Ghislain,fdc55e7d9c7a7b0f28d09901c203fb51,20602.95426
Bocholt,bbb813ab870d40a94e25f89c207cd02a,20597.52831
Martelange,bb3e6e0010bd7912345ce68792ae3f98,20570.92042
Waimes,4ee21de35ceed9dce82a0f85f88d3064,20570.49991
Wellin,e0f93a46914770cc409eff9939d6f8a8,20557.44766
Nassogne,ee14b6207b51a6a1f0c3d14ea4bb6a72,20547.46246
Trois-Ponts,f457c885aa6fdde67c21c6e32e1fb563,20508.39373
Vaux-sur-Sûre,843e8f570a8cc8c243cdad1ca2a9cf56,20498.60779
Neufchâteau,4c5e34463684f1dc690966347a6f4417,20482.36483
Beloeil,ede51ef4eb8aa06b4953b92a6db1d89a,20480.70735
Heuvelland,6581de35cad8f9b29c229eb9a205d776,20477.90888
Ixelles,653e62afec2270032f2edfab21673b36,20468.59028
Beaumont,0327b09d6bda17f80ee4dd954d7beedf,20457.53674
Andenne,9ffc2d09b6f041fce5811224aa97f45c,20454.281
Hamont-Achel,6d71eb8098487dcad0942a6eb922ac9f,20453.04527
Marche-en-Famenne,2dbe81d050a1667f9d485a39ee106f3e,20448.9388
Oupeye,0b5a084e342b318a0caf1bbf78d580db,20442.84442
Lo-Reninge,2fc45e5f18f9bfe463f0f2a1cd581d7a,20427.67313
Chiny,9cc7f6ee4a34c241fc2f38fa28ba6921,20395.78357
Butgenbach,8413d5f2f9e65eb36086d995ffc5af23,20387.27779
Houthulst,7ae62fbd6388c36c91c2bba84d8ad2a3,20338.16947
Bertogne,953ae97c63231468d1877b95369dafc4,20320.78792
La Roche-en-Ardenne,aa2e66457a90edf5055fd36a1bec42f5,20292.40274
Bastogne,8dbc55316567d15dd45c65bf8170d862,20253.29034
Wervik,b4901f05616ac2a2faebe1f656a3ee75,20223.2793
Woluwe-Saint-Lambert,3e4811e7614fa18a49de5831b55a5ee3,20220.55155
Huy,1fe1d7ee3592cb412d2e5dc054884cf9,20218.85479
Estaimpuis,c92129ad2c4bb66d27443d359938db3e,20214.26382
Boom,e702e1ee8860f235363848783b3030a8,20207.29882
Houthalen-Helchteren,32c3ae152420ea0ef492fd55f811df25,20193.41909
Turnhout,dcba70a49ebb27488b7db27f615bb7c9,20191.33403
Rouvroy,5b39073960bda77e99f8ae112c517d52,20165.17642
Amay,24b4d901af15a8c6658e74cf674172ec,20160.69812
Rendeux,1557cb0781f928ae3efe79c4d74ce1fb,20077.89013
Florennes,e8fd3259511cd8c7922a05e7fc709fae,20062.57805
Houffalize,73460a2b8aa39a18a6aec0ba422803c2,20058.35914
Pepinster,734cd065821a8c64bf369f271636af3f,20048.53412
Durbuy,23886a2bc00d4c73695cb53addf2c131,20035.9035
Lessines,043189b1373dcc146201389616f95001,20015.87648
Vilvorde,cbf2f6e0e58071683760b25bb06f849c,20004.68179
Houyet,6a8a226cc699cfd10e2ca5a685c026fd,19999.94002
Rochefort,bdc7331743bac5fe4b654ca5bb2d898d,19940.48289
Herbeumont,c1d78cf44946f785be3fc676059c8833,19938.09603
Genk,17aa66126580bdf3ad9b51f9fb471d7b,19928.18762
Baerle-Duc,a9a18d766e12aafc660c79be227ac4dd,19911.04888
Philippeville,54468ef7543e2ddddc3417627001fda8,19881.00626
Bernissart,475abd028ce7b1971874531168c1db91,19804.04498
Sivry-Rance,289793c7b09bb36fd714826a4135581d,19761.27368
Comblain-au-Pont,f55082a812f5363bb87565ffec1ea921,19759.27976
Menin,6d039a6af7b347df5fb7533e230373a4,19755.41278
Rumes,533e9644e696743a35d3adba7baffe64,19731.2931
Plombières,9bee700164a02a51ac6abe8e9fad16ba,19706.47742
Tubize,2e341938227a98c4aa0217f746696949,19703.62815
Vleteren,5e385a4be2cc691cc83ac46717a1b7c8,19702.51849
Paliseul,85b51e628f50a4230da7ba0bf1e7ee90,19687.83136
Saint-Hubert,03eb25eeea42f3360df9773f15bd6955,19631.24762
Florenville,90acfabfe45f281f1e2dff2cf2bfd98e,19561.17083
Bertrix,36a3180d88adc647ff4699446684b044,19526.47381
Merbes-le-Château,28292605c8f2f96ded509d5d4c99cc00,19518.94175
Binche,43f03665265ab6e2798d147ed62871e1,19513.77495
Drogenbos,5a57dd5c99535fd0b837e27d95f7a5d6,19497.84351
Vielsalm,c72d4c472c38db1fbf70fd304c320c07,19472.62303
Aubange,eac318672af3092daaf225ffc4640358,19407.48508
Hotton,4fe1cfc258ac499c21f3251143aa65f8,19392.99776
La Calamine,6eb66e7f682203b1927b6da7e3df656c,19325.81435
Beyne-Heusay,5989cbd1f9a4524ca00ba16b94f8f205,19301.16539
Bouillon,b8a85c5d69ef8b6124150aad57c6f8d1,19295.62355
Antoing,eac41ea724ca73496fa629d50d79f761,19277.37762
Dinant,086497951fa67b473424fff0d0803a0b,19276.88907
Froidchapelle,c9e6dbeec09ee8c5413e8c0b5597d570,19243.75404
Flémalle,215a1b53a8e485737cba05a960a26d63,19211.94248
Sambreville,f0209501370cae813ed698a2f91e7193,19200.34224
Péruwelz,663f5bc7a6a32a15ee7b0586781f3924,19194.93706
Chapelle-lez-Herlaimont,78e4e14840a46051422f1b892fc9ae43,19186.41428
Morlanwelz,885870b6cfff9c8779fa56fef919e0f6,19179.1196
Gedinne,f49aaad9a215a02b6f4882969da44d2c,19159.25358
Doische,6ce04cc21937e0afd034bcd3de5065e2,19154.0464
Fleurus,12cf3ee6dffd6887278e0be2c2cb7965,19144.26967
Ans,7e7b90e2cbd4c4b681419c58a15aaea9,19110.99898
Hensies,cc371305127f88ef2830dda8c6ad1894,19068.82444
Gouvy,3e50135294f29a722a90fb8bda5c3ae8,19059.88202
Anvers,7a0f351e462307014400486970c09c96,19039.25376
Vresse-sur-Semois,bc4b553ea9019b9e13a784c9793abf39,19013.316
Mons,c6d83313846426a65839a790c12e3b14,18999.99231
Beauraing,2030eadd5ebb6c69465250f9df9dad28,18999.21599
Aiseau-Presles,206882781802744fe0ee825ecaadebd4,18951.42634
Maasmechelen,d3878bbba9c06ff4f207e54e2eff10aa,18844.50246
Sainte-Ode,6cc37ca09ce22e101a725dbacd1ea647,18835.5395
Viroinval,66eb8525d27f1011e8a551ae144a8d5a,18805.42054
Machelen,727389e1009a86a33f56be73aa0284e6,18782.22861
Engis,3315212da276fc5b375bbbd617fd841d,18758.1578
Fontaine-l’Evêque,24ab938a4f501d17d2e858a67cd7490c,18700.62738
Daverdisse,de80d90549e063ab28a50b25cb61123a,18645.87814
Chimay,f436441029274f72989dd815eee7d21d,18574.47438
Bièvre,7dd49fc3348b6579e55a7187f284aa72,18529.08732
Courcelles,ac14ffeb7a931b87cb2b0b45651330fa,18432.46336
Anderlues,7509cf466c49214cf6e1290f90219e4e,18404.01619
Renaix,06578ec0ae1720842b86657432149f6f,18357.30821
Hastière,14cc269071e2e603d700bc5f410f46b7,18275.73614
Frameries,3d30b93e9430499c3ebd12325253bbd0,18275.62845
Couvin,67da3776fa3e63b53d50da8c63ba50a8,18222.6891
Grâce-Hollogne,1f4eb79a52c4791afe21c6d94ae7114c,18145.18853
Erquelinnes,431e26074dbb2c549c55170660e3b94e,18119.65453
Dour,11c90fb969e0a01a41f83b5ff9f2ac56,18035.8905
Etterbeek,a97367cbf70c2ec10a064086f9a7df78,17966.80593
Manage,8deca86c0cb3e61f561cc1c20e3a6a07,17839.69169
Berchem-Sainte-Agathe,b35c75a95e9ce7bdb35ff4a069283f4b,17792.34645
Liège,2311c63b25f2ddbebbd6bcb3d2970691,17730.1762
Mouscron,cc669f4d13562da4a92fee163ee63eea,17698.94746
Forest,8fdcc063340e150ca0d7ec140c92f735,17586.20191
Quiévrain,33d5704321ccb36083baa592104879aa,17493.20281
La Louvière,5d0a1a7bae6a9d1e6915d52858e08987,17456.49619
Comines-Warneton,cb7f4b27e52de8048cba5a5189437ea8,17435.52076
Herstal,6a28c055b3e9a61c4292fd2e4713876d,17328.19193
Ganshoren,3214bed2cdffd4c5d288d92c0d4dc65f,17208.97475
Jette,c3de00b6f839fd178291a35e27a49926,17175.58757
Verviers,3b223f0439be9ba1f2e7985353b88f1f,16857.90127
Momignies,d35b8a38ed0e9dd0e40880d0613776ab,16838.03652
Seraing,2c34874befeccfc118abe3319e02d3a8,16782.47843
Messines,ab6096c8e507bca5744f73a0ae24c3ab,16758.86662
Boussu,4e5946dbc0f5faa66501a05d5c7848ec,16725.21389
Châtelet,da1b12c8e79bba124711bbe813b52489,16673.75483
Saint-Gilles,766afbe990036e37b76f90b60b06bb0d,16660.91026
Quaregnon,cd6963bc8d554f61df3052520950ff01,16490.87538
Saint-Nicolas,2c9d335c8350c6f2ccddccb7c8a93d11,16256.16431
Colfontaine,082a4a7927e8b2731fcded79946c4e2f,15937.57396
Evere,177af2447f20b6b2914b3b91b1d30715,15910.97835
Charleroi,8a69c993a5ef1e80aa358f5a3d26564c,15594.0997
Bruxelles,897800be7fd00e066649872bfbdfb271,15307.69037
Schaerbeek,38d0877f88baa8f605e154e60f50390e,14879.85062
Koekelberg,acbb21140fa05458cc45c2dc647800a6,14522.47005
Dison,1aacdd1d1ab76b49e6262ee29782e929,14426.00065
Farciennes,feba35a2cc9e839365da286521ab68bb,14359.82177
Anderlecht,22df03291cd0753b0c4b2c501e308ed4,13525.56279
Molenbeek-Saint-Jean,c3319e1399a4077000822814b1b92ca7,12562.78318
Saint-Josse-ten-Noode,3a97d30a672d166c1fb0c8b12486b3a6,11816.3655